ID,mnthnumb,Month,Day_of_the_year,year_1961,year_1962,year_1963,year_1964,year_1965,year_1966,year_1967,year_1968,year_1969,year_1970,year_1971,year_1972,year_1973,year_1974,year_1975,year_1976,year_1977,year_1978,year_1979,year_1980,year_1981,year_1982,year_1983,year_1984,year_1985,year_1986,year_1987,year_1988,year_1989,year_1990,year_1991,year_1992,year_1993,year_1994,year_1995,year_1996,year_1997,year_1998,year_1999,year_2000,year_2001,year_2002,year_2003,year_2004,year_2005,year_2006,year_2007,year_2008,year_2009,year_2010,Total
1,1,January,January_1,0.0,1.4,0.0,0.2,,2.0,0.1,0.0,0.0,0.0,0.0,0.0,0.0,0.0,10.4,0.0,0.0,0.0,0.0,2.5,0.0,0.0,0.0,0.0,0.2,1.5,0.3,11.4,0.0,20.7,0.0,0.3,0.0,0.0,0.0,0.0,0.0,0.0,8.4,0.0,4.7,0.0,0.0,13.3,5.2,0.0,0.0,0.2,0.6,1.6,85.0
2,1,January,January_2,0.0,0.0,0.0,12.9,,0.1,0.2,0.0,0.0,0.0,0.0,0.0,0.2,0.0,0.0,0.0,1.6,0.0,0.0,0.0,0.0,0.0,37.0,0.0,0.0,0.1,14.4,0.7,12.9,0.1,0.0,0.0,0.0,0.0,0.0,0.0,0.0,0.0,0.1,0.3,0.0,5.8,0.1,0.0,32.9,0.0,0.0,4.4,7.0,0.0,130.8
3,1,January,January_3,3.6,0.0,0.3,0.0,,24.9,0.0,1.3,0.3,0.0,3.6,0.0,0.0,4.3,0.0,0.0,0.0,0.2,1.0,6.5,0.0,0.0,0.0,0.0,1.3,0.0,0.2,0.0,0.0,13.0,0.0,0.0,0.3,0.1,0.0,0.0,0.0,20.9,0.0,0.0,28.3,15.1,0.1,0.0,0.2,1.7,0.0,0.4,0.0,0.0,127.6
4,1,January,January_4,0.2,0.0,0.0,1.0,,1.3,0.0,0.1,0.0,0.0,0.0,0.0,0.0,0.0,0.0,0.0,0.0,4.7,0.0,0.0,2.1,0.0,0.0,0.0,0.0,0.0,0.0,0.0,0.0,0.0,0.0,0.0,0.0,0.0,0.0,0.0,0.0,0.2,28.3,0.9,0.2,0.1,0.0,0.0,0.0,16.0,0.0,0.0,0.0,1.9,57.0
5,1,January,January_5,0.0,0.0,0.0,0.0,,0.1,0.0,0.0,0.0,0.0,1.3,2.2,0.0,0.3,21.5,1.0,0.5,4.8,0.0,0.0,0.8,0.0,15.9,0.0,0.0,61.5,9.2,2.0,0.0,14.4,0.0,0.0,0.0,0.0,0.0,0.0,0.0,0.2,0.1,0.0,0.0,0.0,0.0,0.0,0.0,18.3,0.0,3.7,0.0,4.0,161.8
6,1,January,January_6,21.7,0.0,0.6,0.0,,0.1,0.0,0.0,0.0,0.0,0.6,0.0,0.2,0.0,0.0,0.0,0.1,0.0,0.0,0.0,0.0,0.2,0.1,0.0,19.5,0.0,0.0,23.6,0.0,11.5,0.0,0.0,0.0,0.0,0.0,0.0,0.0,0.0,0.1,0.0,0.4,0.0,0.0,0.0,0.0,0.0,0.0,12.8,0.0,0.0,91.5
7,1,January,January_7,0.0,0.0,66.0,5.6,,0.0,0.0,3.2,0.0,11.6,0.0,0.0,0.0,14.5,0.0,0.0,0.1,0.0,0.3,7.3,0.0,0.1,0.0,0.6,0.0,0.0,8.4,12.5,0.0,29.3,8.9,0.0,4.2,0.5,0.0,0.0,36.3,0.0,4.6,1.1,0.2,0.0,0.0,0.0,0.0,3.5,0.0,0.0,0.0,0.0,218.8
8,1,January,January_8,0.0,0.0,0.0,0.0,,0.0,0.0,0.3,1.1,4.4,0.8,0.0,0.0,0.1,1.3,0.0,0.0,0.2,3.1,0.0,0.0,0.1,0.0,0.0,0.0,0.0,0.0,0.0,0.0,0.1,0.1,0.0,29.5,0.0,0.0,0.0,0.1,0.5,0.1,0.0,0.0,0.0,0.0,0.0,0.0,0.0,0.0,0.0,0.0,0.0,41.8
9,1,January,January_9,2.4,0.0,0.0,0.0,,0.0,0.0,5.8,0.0,0.0,0.0,23.8,0.0,0.2,0.0,0.0,0.0,0.0,0.0,0.0,0.1,0.0,0.0,0.0,0.0,0.0,0.0,0.0,0.0,0.1,0.1,0.0,0.0,0.0,0.0,0.0,0.0,1.2,0.0,0.3,3.4,0.0,0.2,4.4,0.0,0.0,0.0,0.0,0.0,0.0,42.0
10,1,January,January_10,0.0,19.1,0.0,2.7,,4.7,0.0,0.1,0.7,0.1,0.0,0.0,0.0,0.0,0.0,0.0,0.0,0.0,0.0,1.5,0.2,0.0,0.0,0.0,0.0,0.0,0.0,0.0,0.0,0.0,0.0,0.0,6.1,0.0,0.0,0.0,0.0,0.0,0.0,0.0,0.0,0.0,0.0,6.9,0.0,21.6,0.0,2.0,0.0,0.0,65.7
11,1,January,January_11,0.0,0.0,0.1,0.0,,24.6,0.0,1.4,0.0,0.0,0.0,0.2,0.0,0.0,0.0,0.0,0.0,0.0,0.0,0.0,0.0,0.1,0.0,0.0,0.0,0.0,0.0,0.0,0.0,0.0,0.0,3.7,0.0,0.0,0.0,0.0,0.0,0.0,0.0,0.0,0.0,0.0,0.0,0.0,0.0,0.0,0.0,36.1,0.0,0.0,66.2
12,1,January,January_12,0.0,0.0,0.0,0.0,,2.2,0.0,0.0,0.0,0.0,21.5,0.0,24.4,0.0,0.6,0.0,0.0,0.0,6.8,0.0,9.0,0.0,0.0,0.0,0.0,0.3,1.0,2.0,0.0,0.0,0.0,0.0,0.0,0.0,0.0,0.0,0.0,0.0,0.0,0.0,0.0,0.0,0.0,0.0,0.0,0.0,0.0,0.0,0.0,13.9,81.7
13,1,January,January_13,6.0,73.5,0.0,1.1,,0.0,23.5,0.0,0.0,0.0,0.0,0.0,0.0,0.0,0.0,0.0,0.0,0.0,0.0,0.0,0.0,0.0,0.0,0.0,0.0,0.0,0.0,2.0,0.0,0.0,0.0,0.0,0.0,55.8,1.5,0.7,0.0,0.0,0.0,0.0,0.0,0.0,0.0,0.0,0.0,0.5,0.0,0.0,0.0,0.1,164.7
14,1,January,January_14,0.0,0.0,25.5,0.0,,0.0,0.0,0.0,0.0,0.0,51.0,1.5,0.0,0.0,0.0,0.0,0.0,0.0,0.0,3.1,1.0,0.0,0.0,0.1,0.0,0.0,0.0,0.0,0.0,0.0,0.0,0.0,0.0,0.0,0.3,25.5,0.0,0.0,0.0,0.0,0.0,0.0,0.0,0.0,0.0,0.2,0.0,0.0,0.0,0.1,108.3
15,1,January,January_15,0.0,0.0,0.1,0.0,,0.0,0.0,0.1,0.0,0.0,5.1,0.0,23.9,81.8,0.0,1.0,0.0,0.0,6.0,0.0,0.0,0.1,0.0,0.0,13.0,0.0,0.0,9.8,0.0,0.0,0.0,0.0,0.0,0.0,0.0,0.0,0.0,0.0,0.6,0.0,0.0,0.0,0.0,0.0,0.0,34.3,0.0,0.4,0.0,1.0,177.2
16,1,January,January_16,0.0,0.0,0.0,0.0,,2.0,0.0,0.0,2.3,0.0,0.1,0.0,0.2,0.0,0.0,0.8,0.0,0.0,0.0,0.0,0.0,0.0,0.0,0.0,0.0,0.0,0.0,0.1,0.0,0.0,0.0,0.0,0.0,0.0,0.0,0.0,0.0,0.0,0.0,0.0,0.0,0.0,0.0,0.0,0.0,6.5,0.0,0.0,0.0,0.0,12.0
17,1,January,January_17,0.3,0.0,3.8,0.0,,0.1,2.8,0.0,0.0,6.3,0.0,47.8,0.0,0.0,0.0,0.0,2.2,0.0,0.0,0.3,0.0,0.0,0.0,0.0,0.0,0.0,0.0,1.4,0.0,0.0,17.0,16.0,0.0,0.0,12.1,0.0,15.0,0.0,0.0,15.7,0.0,0.0,0.1,0.0,0.0,0.0,0.0,9.3,6.6,0.0,156.8
18,1,January,January_18,0.1,0.0,0.0,0.0,,29.1,0.0,0.0,0.0,45.3,0.0,0.0,0.0,0.0,0.0,0.0,0.0,0.0,0.6,3.5,0.0,0.0,0.0,0.0,26.7,0.0,0.5,0.0,0.0,0.0,0.1,0.0,0.2,0.0,0.1,35.6,18.8,0.0,0.0,0.0,0.0,0.0,16.0,1.5,0.0,0.0,0.0,0.0,33.6,0.0,211.7
19,1,January,January_19,0.0,0.0,0.0,0.0,,0.1,0.0,0.0,22.3,1.9,0.1,0.0,0.0,0.0,0.0,19.5,0.0,0.0,0.0,0.0,2.4,12.6,0.0,0.0,0.2,0.0,0.0,0.0,0.0,0.0,0.0,0.0,0.0,0.0,0.2,0.0,0.0,0.0,0.6,12.7,2.5,0.0,0.4,0.0,0.0,0.0,0.0,0.0,0.2,0.0,75.7
20,1,January,January_20,0.0,0.0,1.5,0.0,,0.0,2.6,0.0,0.0,0.0,0.0,0.0,0.0,0.0,0.0,0.1,0.1,0.0,8.0,2.6,0.0,0.0,0.0,0.0,0.0,0.0,0.0,0.1,0.0,0.0,0.0,0.0,0.0,0.0,0.0,0.0,0.0,0.9,28.3,0.2,0.0,0.0,0.0,1.6,0.7,0.0,0.0,5.0,3.3,6.0,61.0
21,1,January,January_21,0.0,0.0,0.0,0.0,,29.3,0.0,0.0,31.5,3.7,0.0,0.5,0.0,0.0,0.0,0.0,2.8,0.0,2.4,0.0,0.1,0.0,0.0,0.0,11.7,0.1,0.0,0.0,0.0,0.0,2.1,0.0,0.0,0.0,0.0,0.0,0.0,0.0,0.1,0.0,0.0,0.0,19.3,0.8,0.0,0.0,0.0,2.3,0.0,2.4,109.1
22,1,January,January_22,0.0,10.4,0.0,0.0,,0.7,0.0,0.0,2.7,13.6,0.0,0.0,0.0,0.0,0.0,0.0,0.0,37.8,7.5,0.0,0.0,1.5,0.0,0.0,0.0,0.0,5.6,0.0,0.0,0.0,0.0,0.0,0.0,0.0,0.0,20.7,0.0,0.0,5.1,0.0,0.0,0.0,33.7,0.2,0.0,0.0,0.0,0.0,0.1,0.1,139.7
23,1,January,January_23,0.0,0.0,0.0,0.0,,38.9,4.6,2.3,0.0,0.0,36.9,4.8,9.3,0.0,6.7,0.0,0.0,0.0,0.0,0.0,0.0,0.0,0.0,0.0,0.0,0.0,0.0,32.7,0.0,0.0,55.0,0.0,0.0,18.7,0.0,0.2,0.0,0.0,0.0,0.0,12.6,0.0,0.6,0.0,3.6,0.0,0.0,0.0,0.0,0.0,226.9
24,1,January,January_24,2.4,0.6,160.9,0.0,,1.0,43.0,0.0,0.0,0.0,0.0,2.7,0.0,0.0,0.0,0.0,0.0,0.1,0.0,0.0,15.4,0.0,0.0,0.0,0.0,4.4,0.0,0.1,0.0,0.2,0.0,0.0,0.0,0.0,0.0,0.0,0.0,0.0,0.0,17.6,0.2,3.7,0.1,0.0,0.0,0.0,0.0,0.0,0.0,8.5,260.9
25,1,January,January_25,0.0,0.0,0.0,0.0,,1.6,0.0,0.0,3.9,0.0,0.0,0.0,0.0,0.0,0.0,0.0,0.0,0.2,0.0,6.8,0.0,0.0,0.0,0.0,0.1,0.0,0.0,32.5,0.0,0.0,0.0,0.0,0.0,0.0,3.6,3.3,0.0,0.0,0.0,0.0,0.0,11.1,0.0,0.0,0.0,0.0,0.0,0.0,0.0,0.0,63.1
26,1,January,January_26,0.3,0.0,0.0,0.0,,0.0,0.0,0.0,2.0,0.0,0.0,12.8,0.0,0.0,0.0,0.0,0.0,0.0,0.0,0.2,0.4,0.0,0.0,0.0,0.0,0.0,1.0,0.0,0.0,0.2,0.0,0.0,0.0,2.5,0.0,0.0,0.0,0.0,0.0,0.0,0.0,0.0,0.0,7.1,0.0,1.3,0.0,0.0,1.1,0.0,28.9
27,1,January,January_27,0.1,0.0,0.0,0.0,,0.0,0.0,0.0,0.0,20.7,0.0,0.2,7.7,4.0,6.6,0.0,2.0,0.0,0.0,0.0,0.4,0.0,0.0,0.0,0.0,18.4,0.0,0.0,0.0,0.0,0.0,0.0,0.0,0.0,0.0,0.7,0.0,0.0,0.0,0.0,0.0,0.0,1.7,0.0,0.0,36.3,4.7,0.0,0.7,1.0,105.2
28,1,January,January_28,0.0,3.6,0.0,0.0,,5.9,0.0,0.0,0.0,7.7,0.0,0.0,0.6,14.0,0.0,0.0,0.5,0.0,0.0,0.0,0.0,0.0,0.0,0.0,0.8,0.0,18.4,0.0,2.6,0.0,0.0,0.0,0.0,0.0,0.0,0.0,0.0,35.5,0.0,0.1,0.0,0.0,0.0,0.0,0.0,0.0,0.5,0.0,0.0,0.0,90.2
29,1,January,January_29,2.2,0.0,0.0,0.0,,0.1,0.0,0.2,0.0,0.0,0.0,5.3,1.1,0.0,0.0,0.0,0.0,0.0,0.0,0.0,4.7,0.0,0.0,0.0,0.5,0.0,0.0,0.0,0.0,0.0,0.0,0.4,7.8,0.0,0.0,0.0,0.0,23.5,0.0,0.0,0.0,0.0,0.0,0.0,0.0,0.0,0.0,0.0,0.9,0.0,46.7
30,1,January,January_30,0.3,0.0,11.8,0.0,,0.0,0.0,0.0,0.0,6.2,0.0,0.9,0.0,37.0,21.5,0.0,0.0,0.0,0.0,0.0,0.0,0.0,0.0,0.0,14.3,0.0,0.0,0.0,0.0,0.0,0.0,0.0,0.0,0.0,0.4,0.0,0.0,0.2,21.7,0.0,0.0,0.0,40.6,0.0,0.0,1.8,9.5,0.0,48.5,0.0,214.7
31,1,January,January_31,7.0,0.0,1.2,0.1,,23.2,0.0,0.0,0.0,0.0,0.0,0.0,0.0,0.0,3.3,0.1,0.0,0.0,0.0,3.5,0.0,0.0,0.0,0.0,0.0,1.6,0.0,0.0,0.0,0.0,0.0,13.0,6.5,0.0,0.0,0.0,0.0,0.0,0.0,0.0,0.0,0.0,0.0,21.6,0.0,0.0,0.0,0.0,0.0,3.3,84.4
32,2,February,February_1,0.0,0.0,0.0,43.5,,0.0,0.0,0.0,0.0,10.5,0.0,0.0,4.0,0.0,0.0,0.0,0.0,14.3,0.0,0.0,0.1,16.5,0.0,0.0,0.0,0.0,0.0,0.0,0.0,0.0,0.0,0.0,4.4,0.0,0.0,8.4,0.0,0.0,0.0,0.0,0.0,0.0,0.0,0.1,0.0,0.0,0.0,0.0,0.2,0.0,102.0
33,2,February,February_2,1.1,0.0,34.6,1.8,,0.1,0.0,0.1,0.0,0.0,0.0,0.5,0.0,0.0,0.0,14.1,0.0,7.3,7.4,0.0,0.0,0.1,0.0,0.0,0.0,0.0,0.0,0.0,0.0,0.0,15.0,0.0,0.0,0.0,0.0,6.0,0.0,0.0,2.9,0.0,0.0,0.0,0.0,,0.0,0.0,0.0,0.0,0.0,3.7,94.7
34,2,February,February_3,0.0,0.0,0.0,0.0,,0.1,0.0,0.0,0.0,0.0,0.0,0.9,0.0,0.0,0.0,0.2,0.0,0.4,0.0,0.0,0.0,0.0,0.0,3.0,0.0,0.0,0.0,0.0,0.0,22.1,0.0,0.9,0.0,0.0,0.0,0.7,0.0,0.0,0.0,0.0,0.0,0.0,0.8,0.0,0.0,15.8,0.0,0.0,0.2,0.0,45.1
35,2,February,February_4,16.2,0.0,0.0,0.0,,0.0,0.0,0.0,0.0,0.0,0.3,0.0,0.0,0.0,0.0,0.0,0.3,0.0,0.0,0.3,0.0,0.0,0.0,10.6,0.0,26.4,0.0,0.0,0.0,0.0,0.1,0.0,22.8,0.0,0.3,0.3,0.0,0.0,0.0,0.0,0.0,0.0,0.0,0.0,0.0,1.4,0.0,0.0,0.0,0.0,79.0
36,2,February,February_5,0.0,0.0,0.0,0.0,,0.0,0.0,0.0,0.0,0.0,0.0,0.0,0.0,0.0,0.0,0.0,0.0,0.0,0.7,0.0,0.0,0.0,0.0,0.0,0.0,0.0,14.7,0.0,0.0,6.2,0.0,0.0,0.0,0.0,8.6,0.0,0.0,0.0,0.0,0.0,0.0,0.0,0.0,2.3,0.0,0.0,0.0,0.0,0.0,0.0,32.5
37,2,February,February_6,0.0,1.8,47.6,15.0,,0.0,0.0,0.0,20.6,0.0,0.2,0.0,0.0,0.0,0.0,12.4,1.1,0.0,0.0,16.1,0.0,0.0,0.0,0.0,0.0,0.0,0.0,0.0,0.0,0.5,58.7,5.5,0.0,0.0,0.0,0.0,0.0,0.0,0.0,0.5,0.0,1.1,0.0,0.4,1.3,0.0,0.0,0.0,0.0,7.9,190.7
38,2,February,February_7,0.0,0.0,0.0,0.0,,0.0,0.0,0.0,0.0,0.0,4.7,0.0,0.0,0.0,0.0,1.6,0.0,3.6,3.6,0.1,0.0,0.0,0.0,12.5,0.0,0.0,0.0,0.0,0.0,0.0,0.0,0.0,0.0,0.0,0.0,0.2,0.0,0.0,40.4,0.2,0.0,0.0,0.0,0.0,25.5,0.0,0.0,28.4,0.1,29.4,150.3
39,2,February,February_8,0.0,0.1,0.0,0.0,,80.6,0.0,0.1,0.0,0.0,0.0,0.0,0.0,0.0,0.0,0.0,0.0,0.0,0.2,0.0,0.0,0.1,0.0,0.0,0.0,0.5,0.0,0.0,0.0,0.0,0.0,0.0,0.0,0.0,0.0,32.9,0.0,0.0,0.0,0.0,0.0,0.0,0.0,0.0,0.0,13.0,0.0,0.0,1.4,0.0,128.9
40,2,February,February_9,0.0,0.0,0.0,0.0,,0.2,0.0,0.0,0.0,0.0,0.0,0.0,29.5,0.0,0.0,0.0,0.0,0.0,0.0,0.4,1.7,0.0,0.0,0.0,0.0,0.5,27.9,14.8,34.9,0.0,0.1,0.0,0.0,0.0,6.1,0.1,0.0,86.4,4.5,9.6,0.0,16.8,0.0,0.0,0.0,0.0,0.0,0.0,0.1,14.3,247.9
41,2,February,February_10,0.0,0.0,1.4,0.0,,0.2,0.0,0.0,0.3,4.9,0.0,0.0,0.1,0.0,0.0,0.0,0.0,0.0,1.6,0.0,0.1,0.0,0.0,0.0,0.0,0.0,0.2,0.0,0.0,0.0,0.0,0.0,0.0,20.9,6.3,16.7,0.0,0.7,0.0,0.0,0.3,0.5,0.6,0.0,0.0,0.0,16.6,9.6,0.2,0.0,81.2
42,2,February,February_11,1.2,1.9,0.0,11.2,,0.0,0.2,40.3,0.0,0.0,0.0,0.0,0.0,6.8,0.0,16.1,0.0,9.4,2.2,0.0,0.0,0.0,3.0,0.0,0.0,0.7,0.0,6.7,0.0,19.8,0.0,0.0,0.0,11.8,0.0,0.0,2.2,0.0,0.0,0.0,0.1,0.0,0.0,0.0,0.0,22.2,0.0,0.4,0.5,0.0,156.7
43,2,February,February_12,0.1,0.0,0.0,0.0,,0.1,0.4,0.0,0.0,7.5,15.7,0.0,0.0,0.0,9.0,6.5,0.0,0.0,0.0,0.0,0.0,0.0,0.0,33.8,0.0,1.0,0.1,18.2,0.0,0.0,0.0,0.0,0.0,0.0,0.0,5.7,0.0,0.0,35.5,31.1,0.0,0.3,0.0,10.9,0.0,0.1,0.0,0.0,1.3,1.4,178.7
44,2,February,February_13,0.0,1.5,2.5,0.0,,6.0,0.0,0.0,0.0,0.0,0.0,3.5,0.0,2.0,0.0,0.0,2.9,0.0,0.0,0.0,0.0,0.0,0.0,0.7,0.0,0.0,0.2,0.0,0.0,0.0,0.0,0.0,0.0,20.0,4.3,0.0,0.0,0.3,17.9,0.1,67.2,0.0,0.0,0.0,0.0,0.0,0.0,0.0,0.0,0.0,129.1
45,2,February,February_14,0.0,0.0,0.0,0.2,,14.1,0.0,0.0,0.0,0.0,2.0,0.0,0.0,0.0,1.0,0.0,0.0,0.0,5.4,0.0,0.0,0.0,0.0,0.0,0.0,5.1,0.0,0.0,0.0,0.0,0.0,0.0,0.0,0.7,0.0,0.0,0.0,0.0,0.0,0.0,0.0,0.0,0.0,7.6,0.0,2.8,0.0,0.0,0.0,0.0,38.9
46,2,February,February_15,15.2,0.0,0.0,0.0,,0.0,0.0,0.0,0.0,0.2,0.0,0.0,0.0,0.0,0.0,1.9,0.0,42.2,0.0,0.0,0.0,1.0,0.0,0.0,0.1,22.3,0.0,3.4,0.0,0.0,0.2,0.0,0.0,0.0,0.4,0.0,0.0,0.0,3.9,0.0,0.0,0.0,4.5,0.1,0.0,18.2,0.0,0.0,0.0,10.3,123.9
47,2,February,February_16,0.0,0.0,0.0,0.1,,0.0,0.0,0.1,39.5,1.4,0.3,3.0,0.0,2.3,0.0,0.0,0.0,0.2,1.8,0.3,0.0,14.5,2.0,0.0,0.0,0.7,51.8,0.8,0.0,2.0,17.1,0.0,0.0,11.8,0.0,0.0,0.0,0.0,0.4,3.5,0.2,0.0,0.0,0.1,0.0,0.0,0.0,0.0,8.1,0.2,162.2
48,2,February,February_17,0.1,4.6,0.0,0.8,,7.8,14.6,7.7,0.0,8.0,0.0,0.0,0.0,0.0,0.0,0.0,3.0,0.0,0.0,0.0,0.0,0.2,16.8,0.0,0.0,0.0,1.9,14.8,0.0,0.0,1.1,4.5,0.1,0.0,4.0,33.2,0.0,0.0,0.0,0.0,0.0,0.0,0.0,0.0,44.3,0.0,0.0,0.0,18.5,0.0,186.0
49,2,February,February_18,0.0,0.0,0.0,0.0,,1.4,23.5,0.0,4.2,0.0,2.2,0.0,0.0,0.0,0.0,0.0,0.0,0.2,0.0,0.0,4.0,0.0,0.0,0.0,0.0,0.0,0.2,0.0,0.0,0.0,0.0,0.0,0.0,0.0,0.0,0.7,0.0,0.0,11.7,0.0,0.0,0.0,0.0,3.4,0.0,0.2,0.0,0.0,0.0,0.0,51.7
50,2,February,February_19,0.0,11.0,0.0,0.0,,0.0,0.0,0.0,0.0,0.0,0.7,0.0,0.0,2.4,4.4,0.0,0.0,0.0,35.4,0.0,0.1,0.0,0.0,0.0,0.0,0.5,0.3,1.9,2.7,15.9,0.0,0.0,0.0,0.0,0.0,0.0,0.0,17.9,0.0,0.0,2.3,0.0,0.0,0.0,0.0,0.0,0.0,0.0,0.1,37.7,133.3
51,2,February,February_20,0.0,0.0,6.5,0.0,,0.1,0.0,0.0,8.3,0.0,0.2,0.0,6.7,2.5,0.0,0.0,0.0,0.0,9.2,0.0,0.0,13.1,0.0,0.0,0.0,0.0,1.4,0.0,0.0,0.0,0.0,0.0,45.5,5.6,0.0,0.0,0.0,0.0,0.0,0.0,35.4,0.0,36.2,1.6,0.0,0.0,0.3,0.0,1.9,0.1,174.6
52,2,February,February_21,0.0,0.0,0.0,0.0,,30.6,0.0,7.2,0.0,0.0,2.0,19.3,0.0,0.0,0.0,0.0,0.3,0.0,0.0,0.0,0.0,2.6,7.5,0.0,0.0,0.0,20.3,0.0,0.0,23.5,0.0,0.0,0.0,1.2,0.0,0.0,0.0,0.0,0.0,34.2,0.0,0.0,0.0,0.0,0.0,1.1,0.2,0.0,0.3,0.0,150.3
53,2,February,February_22,0.0,0.0,0.0,0.0,,0.0,0.0,1.5,0.6,0.0,0.0,0.0,0.0,0.0,0.0,0.0,0.5,0.0,0.0,0.0,0.0,0.0,0.0,0.0,0.0,0.0,0.0,20.8,0.0,0.0,0.0,0.0,0.0,0.0,0.0,2.1,5.9,12.4,0.0,0.0,0.0,0.5,0.0,0.0,0.0,0.1,8.8,0.0,0.0,0.0,53.2
54,2,February,February_23,0.0,0.0,0.0,0.0,,0.1,0.0,0.1,15.1,36.3,0.0,0.0,16.5,2.1,45.8,0.0,1.2,0.0,17.1,0.4,0.0,0.0,42.2,0.0,0.0,0.0,0.0,6.9,0.0,2.7,0.8,0.0,11.3,4.5,6.2,0.0,0.0,0.0,41.6,0.0,0.0,0.0,0.0,1.3,0.0,0.0,0.0,0.0,0.0,0.0,252.2
55,2,February,February_24,6.7,0.0,8.0,18.5,,0.0,0.0,0.0,0.0,23.9,2.1,0.0,0.2,0.3,3.3,0.0,12.4,0.0,0.1,40.3,0.0,28.0,0.0,0.0,0.0,0.0,30.2,0.0,0.0,0.0,0.0,39.5,0.0,0.0,10.2,0.0,0.0,0.0,0.0,0.0,0.1,0.0,0.0,0.0,0.0,0.0,0.0,0.0,0.0,29.9,253.7
56,2,February,February_25,0.0,0.0,0.0,0.0,,0.0,0.0,0.0,4.7,0.0,1.1,2.6,0.0,0.0,19.7,0.0,0.0,0.0,0.0,0.0,0.0,0.0,0.3,1.9,0.0,19.8,6.7,0.0,0.0,6.0,0.0,1.0,0.0,0.0,29.6,0.0,0.0,0.0,0.0,12.3,0.0,0.0,3.4,34.1,4.5,0.0,53.2,33.0,0.0,0.4,234.3
57,2,February,February_26,0.0,0.0,0.0,0.3,,9.6,0.0,0.0,0.1,0.0,6.2,33.1,26.2,0.0,0.0,0.0,0.0,0.0,0.0,0.0,0.0,11.4,0.0,0.0,0.0,0.0,0.0,13.3,0.0,0.0,22.8,0.0,0.0,0.1,0.0,32.9,0.0,0.0,3.4,0.0,0.0,2.5,1.2,1.7,0.0,2.3,0.0,0.0,3.1,0.0,170.2
58,2,February,February_27,44.7,5.6,0.0,0.0,,1.7,0.0,0.0,0.0,0.0,0.0,0.6,19.0,0.6,0.0,0.2,0.0,0.0,0.0,0.0,0.0,1.0,0.1,9.4,9.8,0.1,0.0,0.0,0.0,0.0,2.3,0.0,0.0,0.0,0.0,0.3,0.0,0.0,0.0,0.2,0.0,0.2,1.9,0.0,0.0,2.8,0.0,0.9,27.2,2.4,131.0
59,2,February,February_28,2.0,2.8,1.5,0.5,,10.9,0.0,0.0,2.5,15.4,0.0,0.0,11.8,44.3,0.0,0.7,0.0,0.0,7.2,0.0,0.0,0.0,0.0,0.0,7.1,0.0,6.8,0.0,0.0,0.0,13.8,0.0,0.0,0.0,0.0,0.0,0.0,0.0,3.7,2.2,0.0,0.0,0.0,0.0,0.0,0.0,0.0,0.0,3.1,0.0,136.3
60,2,February,February_29,,0.0,47.6,0.0,,0.3,0.0,0.1,0.0,0.0,0.0,41.8,0.0,0.0,0.0,26.8,0.0,0.0,0.0,10.2,0.0,0.0,0.0,0.0,0.0,0.0,0.0,1.2,0.0,0.0,0.0,0.0,0.0,0.0,0.0,7.8,0.0,0.0,0.0,0.0,0.0,0.0,0.0,5.3,0.0,0.0,0.0,0.0,3.8,0.1,145.0
61,3,March,March_1,0.0,0.0,0.0,9.5,,0.0,1.1,0.3,0.0,0.0,0.0,0.0,0.0,0.0,22.7,1.8,1.4,29.6,0.0,1.2,0.0,0.6,0.0,0.0,0.0,4.8,0.9,2.1,0.0,0.0,4.6,0.0,13.0,0.0,0.0,24.9,0.0,31.7,8.5,0.0,0.0,0.0,0.0,0.0,0.0,0.0,0.0,0.0,0.0,0.0,158.7
62,3,March,March_2,0.5,0.0,0.0,0.0,,0.0,0.0,38.4,0.0,0.0,0.0,0.0,0.0,0.0,4.7,0.0,0.0,0.3,0.0,0.0,0.0,0.0,0.0,22.6,0.4,24.1,0.0,0.1,0.0,0.0,0.0,0.0,0.0,9.7,1.8,0.0,0.0,0.2,0.6,0.0,0.0,0.0,22.6,1.2,0.0,0.0,0.0,0.0,0.0,0.0,127.2
63,3,March,March_3,0.1,9.3,0.7,0.0,,0.0,0.1,11.9,0.0,0.0,0.0,14.0,0.0,29.7,18.6,0.0,0.0,0.0,0.0,24.2,0.0,0.1,0.0,0.0,3.0,0.0,33.4,0.0,0.0,0.0,0.1,0.0,0.0,0.0,0.0,0.0,9.6,0.0,0.0,0.0,0.0,3.2,0.0,0.0,0.0,41.3,0.0,0.0,0.0,0.0,199.3
64,3,March,March_4,23.0,13.5,0.0,0.0,,5.0,0.0,0.0,0.0,0.0,0.0,0.0,0.0,0.0,0.0,18.5,0.3,0.0,0.0,0.0,0.0,0.4,1.3,0.0,6.4,0.0,0.0,0.0,2.3,0.0,0.3,0.0,0.0,0.0,2.7,6.7,0.0,0.0,17.6,0.0,0.0,0.0,4.6,0.0,13.0,0.0,0.0,0.0,0.0,0.0,115.6
65,3,March,March_5,0.0,20.8,0.0,0.0,,0.0,0.0,24.0,0.0,0.0,9.8,0.4,8.7,0.0,9.8,0.1,0.0,0.0,17.3,0.0,0.0,1.4,0.0,20.6,0.0,0.0,0.3,47.8,3.4,0.0,0.0,0.0,9.9,0.2,3.2,3.3,0.0,0.0,2.6,0.0,0.0,23.3,1.4,43.8,10.3,0.0,0.0,0.0,0.0,0.0,262.4
66,3,March,March_6,10.0,0.2,5.2,22.9,,48.2,0.0,0.5,0.0,0.0,0.0,0.0,0.0,0.0,10.3,0.0,0.0,0.0,0.0,0.0,0.0,2.9,0.2,0.0,0.2,0.0,0.0,0.0,0.0,0.0,0.0,0.0,0.0,15.7,0.0,0.0,0.0,0.0,5.3,0.0,30.0,0.0,0.0,0.0,1.5,0.0,4.6,22.4,11.2,0.0,191.3
67,3,March,March_7,0.0,0.0,3.2,0.8,,0.0,3.8,0.1,2.2,68.9,4.3,0.0,0.0,0.0,0.0,0.0,0.0,10.4,0.0,0.0,3.8,0.8,4.7,20.2,0.0,1.3,0.0,8.0,0.0,15.6,0.0,0.0,0.0,0.0,0.0,0.0,0.0,0.2,0.0,0.0,18.6,0.0,30.1,0.0,0.0,7.6,0.0,0.1,0.1,0.0,204.8
68,3,March,March_8,0.0,0.2,12.9,0.0,,0.0,0.0,0.0,0.0,7.6,0.0,0.0,0.0,0.0,0.0,4.2,0.0,0.0,0.0,0.0,0.0,0.0,0.0,0.0,0.0,14.3,0.0,0.0,0.3,0.0,0.0,0.0,0.3,0.1,0.0,1.2,0.0,0.6,0.1,0.0,0.1,21.5,0.0,0.0,6.3,0.1,0.0,0.1,0.0,65.4,135.3
69,3,March,March_9,15.3,16.4,0.0,0.0,,2.4,0.0,0.1,58.6,2.1,0.0,0.0,0.0,0.0,2.8,0.0,0.0,0.0,0.2,0.0,0.0,0.0,0.0,0.0,1.1,0.0,0.2,0.1,4.5,0.6,0.0,0.0,0.0,0.0,0.0,0.0,3.8,0.0,0.0,0.0,0.0,16.0,0.0,0.0,0.0,0.1,0.0,0.0,0.4,7.5,132.2
70,3,March,March_10,0.0,27.7,0.4,24.3,,0.0,1.2,0.0,0.0,0.0,12.3,0.0,0.0,1.2,2.5,0.0,0.2,0.0,0.0,0.2,0.0,0.0,0.0,0.0,0.0,23.2,37.0,35.0,13.2,0.0,0.0,0.0,0.0,17.9,28.6,0.9,0.0,0.0,0.0,0.0,30.5,0.0,1.4,0.0,0.0,0.0,0.0,5.1,0.0,0.5,263.3
71,3,March,March_11,0.0,0.0,0.0,0.0,,37.3,3.0,0.1,11.0,0.0,14.7,1.3,0.0,3.7,2.7,0.0,0.0,2.0,0.0,0.2,0.0,0.0,0.0,17.0,0.0,19.0,0.7,0.1,0.0,0.0,0.0,3.0,0.0,2.2,0.0,0.2,0.0,0.0,0.0,0.0,18.5,0.0,0.1,0.0,26.6,0.0,0.0,0.0,8.3,0.0,171.7
72,3,March,March_12,8.4,21.2,0.0,48.9,,4.8,0.2,0.0,5.3,4.7,0.2,0.0,0.7,0.0,0.5,0.0,0.0,6.6,0.5,36.3,29.3,0.0,10.8,0.5,2.0,32.5,12.2,0.4,25.8,0.0,0.0,0.0,5.5,4.0,0.0,2.0,9.7,15.0,0.0,0.0,0.0,21.8,0.0,0.0,0.0,72.4,0.0,4.8,0.0,0.0,387.0
73,3,March,March_13,0.0,0.0,0.0,0.7,,0.0,0.0,0.0,18.3,5.5,23.1,0.0,25.5,0.0,0.0,0.0,38.3,0.2,1.7,0.0,20.3,0.9,0.0,0.0,0.3,0.0,0.2,2.4,0.0,0.0,0.3,0.0,0.0,0.2,0.0,13.1,33.0,0.0,7.5,0.0,7.2,0.0,0.0,0.0,0.0,0.0,0.0,0.0,6.5,0.0,205.2
74,3,March,March_14,2.5,0.3,0.0,0.0,,13.3,6.4,0.0,0.0,0.0,0.0,8.4,0.2,0.0,0.6,0.9,0.0,2.0,2.3,0.0,4.9,0.0,1.6,10.6,0.0,0.6,0.0,13.9,0.0,0.1,29.1,0.0,0.1,0.0,0.0,0.0,0.0,12.4,0.0,5.4,0.1,0.0,0.0,8.6,23.4,0.0,29.2,0.0,0.0,3.2,180.1
75,3,March,March_15,1.7,0.0,0.0,0.0,,31.5,40.7,9.6,4.7,0.0,0.0,0.0,7.8,0.0,0.0,0.0,0.0,45.4,0.0,0.0,0.0,6.4,1.0,0.0,0.0,0.0,0.5,0.0,0.0,0.0,0.0,0.0,0.0,0.0,0.0,0.0,0.0,0.0,0.0,0.0,3.9,0.0,0.0,0.0,13.8,26.3,1.8,0.0,0.0,0.0,195.1
76,3,March,March_16,0.0,0.0,0.0,0.0,,1.1,1.7,17.5,4.7,0.0,0.0,0.0,0.0,18.8,0.0,0.0,0.1,0.6,0.0,5.8,1.1,0.0,0.0,7.9,0.0,34.4,0.0,0.0,20.1,0.0,2.5,1.2,0.0,0.0,3.4,2.5,0.0,0.0,0.0,0.0,0.2,15.4,0.0,15.5,0.2,29.0,0.0,4.7,0.0,0.0,188.4
77,3,March,March_17,1.0,0.0,0.0,9.3,,0.0,0.2,0.0,2.3,2.5,0.1,46.3,7.8,0.1,0.0,0.0,0.1,0.0,0.0,0.0,0.0,27.6,0.0,0.0,10.6,0.0,13.5,0.0,0.0,2.0,0.6,0.0,0.0,0.0,0.0,46.2,10.0,0.0,0.0,0.0,1.2,0.0,0.0,0.0,0.0,0.0,0.0,1.2,0.0,32.2,214.8
78,3,March,March_18,2.0,11.9,0.0,0.0,,0.0,26.3,7.3,2.9,1.4,0.0,12.5,0.2,0.0,15.3,0.0,0.0,0.0,0.0,0.0,73.0,0.1,0.0,0.0,1.2,10.7,0.0,0.0,0.0,3.3,10.1,5.3,0.4,0.0,9.9,23.3,0.0,0.0,1.4,32.8,0.4,2.2,0.0,0.0,0.5,0.0,6.4,0.0,2.7,1.5,265.0
79,3,March,March_19,0.2,18.0,0.5,1.1,,0.0,0.0,0.5,0.0,23.7,0.0,0.0,0.0,8.0,9.3,0.0,0.0,0.0,0.0,40.6,0.0,0.0,0.0,5.6,0.0,8.4,0.0,9.7,0.0,1.8,0.0,0.0,1.3,0.0,1.5,0.2,0.0,0.0,79.2,0.2,6.7,0.0,24.7,0.0,3.4,0.0,0.0,9.1,6.2,21.6,281.5
80,3,March,March_20,0.0,9.7,0.0,12.4,,0.0,0.0,0.0,0.0,0.0,0.1,0.0,0.0,0.0,0.5,0.0,3.6,0.1,0.0,0.0,0.0,0.3,0.0,0.0,7.9,0.0,0.0,0.0,22.7,0.0,0.0,23.5,0.0,1.5,0.1,45.2,0.0,4.5,0.7,0.0,0.0,0.0,0.0,0.0,0.0,10.4,0.0,2.5,0.0,0.0,145.7
81,3,March,March_21,8.7,0.0,0.0,29.5,,24.8,3.0,0.2,1.3,20.0,0.2,14.2,0.0,15.0,0.0,9.3,24.3,0.0,4.4,0.0,16.1,0.7,0.0,0.0,0.0,0.0,0.0,0.0,0.0,10.5,0.0,16.7,1.2,34.8,0.0,0.0,0.0,0.0,0.0,0.0,16.9,9.0,30.9,0.1,0.0,0.0,0.0,0.3,3.7,0.0,295.8
82,3,March,March_22,0.5,16.4,0.0,1.1,,0.2,0.2,0.0,0.1,7.5,21.2,6.4,2.3,14.0,1.1,0.0,0.2,0.0,0.0,0.0,0.0,0.0,5.4,0.7,0.0,0.0,0.0,0.0,72.9,29.1,0.0,2.9,3.7,0.2,0.0,50.5,0.0,23.7,0.0,0.6,0.7,0.0,0.0,0.0,0.0,0.0,0.0,0.0,0.0,0.0,261.6
83,3,March,March_23,9.5,15.1,0.0,0.0,,0.0,0.0,25.5,0.0,0.0,0.2,0.2,0.0,7.6,0.0,0.0,2.6,40.3,0.0,0.0,80.0,0.0,0.0,6.2,0.0,5.5,0.0,0.0,0.8,9.8,0.0,1.0,0.0,0.2,33.5,0.0,1.6,8.3,5.5,0.0,0.0,13.7,31.6,0.0,4.7,0.0,2.7,0.0,0.0,15.2,321.3
84,3,March,March_24,0.4,0.0,16.9,0.0,,0.0,0.0,0.0,0.1,0.0,0.6,0.0,0.0,0.0,1.8,0.0,5.4,0.0,1.4,0.0,4.5,0.0,0.0,2.0,0.9,0.4,0.0,0.0,0.0,2.3,0.0,0.3,48.5,0.0,3.0,3.3,6.7,27.5,3.3,5.1,0.0,30.4,0.5,0.7,0.0,0.0,10.8,0.0,0.0,0.7,177.5
85,3,March,March_25,5.2,14.3,0.0,8.1,,0.0,11.3,0.0,0.0,0.0,25.9,0.0,0.0,0.0,0.9,0.0,1.4,0.0,0.0,36.1,0.0,0.5,0.0,0.0,14.9,0.0,0.0,0.0,6.1,0.3,0.4,0.0,0.5,0.0,2.5,1.0,0.0,0.4,0.0,0.0,0.0,5.3,0.2,0.0,0.0,0.0,0.0,1.5,0.2,0.1,137.1
86,3,March,March_26,0.0,0.0,0.0,2.0,,0.0,0.0,0.0,0.4,0.0,1.5,0.0,0.0,0.0,0.0,0.0,18.6,11.4,0.2,0.0,33.5,0.2,0.0,8.5,11.9,21.0,0.0,0.0,0.3,0.0,0.0,0.0,0.0,14.0,23.7,0.0,0.0,32.5,0.0,0.0,0.0,0.0,39.0,0.0,18.2,0.0,14.6,3.2,0.0,26.0,280.7
87,3,March,March_27,0.0,3.5,40.5,6.7,,0.1,0.0,0.0,0.0,0.0,4.6,26.0,0.0,24.9,0.0,10.0,0.0,18.5,0.0,0.0,0.0,24.4,0.0,10.4,0.0,34.8,16.1,19.3,22.2,0.0,0.0,15.9,0.3,0.2,3.7,0.2,23.9,0.0,0.0,0.0,0.0,4.4,0.7,0.0,0.5,0.0,9.1,0.0,0.0,0.3,321.2
88,3,March,March_28,1.0,0.0,5.2,0.4,,0.0,24.8,15.9,1.9,0.0,1.5,14.6,21.1,0.1,6.7,0.0,41.8,0.4,75.2,38.6,0.0,0.0,0.0,0.0,2.5,0.6,11.6,0.6,0.2,0.0,4.8,20.4,0.0,0.0,10.7,0.0,9.4,0.0,0.2,7.9,0.0,0.0,0.5,1.4,0.1,0.4,0.0,0.0,0.0,0.0,320.5
89,3,March,March_29,0.1,0.0,20.4,0.0,,0.0,0.1,9.1,0.2,0.0,1.6,0.0,0.1,0.1,7.6,8.9,1.5,0.0,0.0,8.2,95.1,0.0,2.8,0.2,0.0,35.5,0.1,0.0,0.0,0.0,0.0,0.5,11.1,0.0,0.0,0.0,0.0,3.4,20.2,0.0,0.5,6.0,0.0,0.0,0.0,2.1,0.0,0.0,0.0,0.0,235.4
90,3,March,March_30,0.0,0.2,0.0,7.4,,4.8,0.0,1.2,0.0,1.9,11.4,0.0,0.0,0.4,0.1,1.5,3.9,52.1,0.6,0.0,1.6,0.0,0.0,2.5,0.5,0.0,0.5,0.0,0.0,0.0,0.0,0.0,0.0,0.0,0.0,22.7,0.0,0.0,0.0,0.4,0.2,0.1,0.0,0.0,0.0,12.8,0.0,0.0,32.5,0.0,159.3
91,3,March,March_31,0.0,0.0,0.0,0.0,,0.5,0.0,0.0,30.6,0.0,32.6,20.0,0.0,0.0,0.0,0.0,0.0,1.6,0.0,24.3,1.1,0.0,12.4,0.0,0.2,0.0,1.4,0.0,0.0,18.1,0.2,0.0,10.0,9.8,18.2,1.8,0.0,1.0,11.9,0.0,0.0,0.0,0.0,44.5,0.0,0.0,0.8,0.0,0.0,0.0,241.0
92,4,April,April_1,0.0,1.8,0.0,0.3,,17.1,3.4,0.0,0.0,1.5,0.0,27.6,1.4,0.0,0.3,0.2,7.4,0.0,37.2,0.0,0.0,0.0,0.0,0.0,0.0,1.8,8.8,0.0,1.4,0.0,0.0,0.0,0.0,0.0,0.0,21.1,9.4,0.0,0.1,0.0,42.2,20.9,15.4,0.0,0.0,0.0,0.0,1.2,0.0,,220.5
93,4,April,April_2,1.6,0.0,21.0,0.0,,7.2,0.0,0.1,0.0,0.0,1.4,0.0,1.0,0.0,17.3,11.6,26.8,0.1,0.0,0.0,21.3,0.0,11.3,4.5,0.8,0.0,5.0,10.8,3.2,4.9,0.0,0.0,0.3,0.0,2.0,6.5,0.0,0.0,0.0,22.6,0.3,2.3,0.0,27.0,0.0,0.5,0.0,0.0,0.0,,211.4
94,4,April,April_3,0.0,0.0,0.8,14.3,,33.7,0.0,2.2,0.0,2.2,0.0,0.0,0.2,8.7,4.4,0.9,1.2,0.0,19.7,3.2,0.0,10.8,0.2,13.2,0.4,1.2,10.2,0.0,52.2,0.0,88.4,4.2,1.0,22.2,0.5,4.4,0.0,0.0,24.0,17.0,0.0,26.3,6.9,5.7,17.5,0.0,1.1,0.0,0.0,,398.9
95,4,April,April_4,6.8,20.3,16.0,1.6,,0.8,0.0,0.0,0.0,0.0,0.0,16.7,0.2,0.0,0.3,4.3,0.9,3.6,0.0,11.3,7.9,0.2,0.3,0.2,0.0,3.3,0.0,3.0,10.9,0.0,6.1,17.8,0.1,15.4,0.3,0.0,0.0,0.0,0.0,1.0,0.0,20.7,0.0,0.2,0.0,7.0,0.1,16.5,51.4,,245.2
96,4,April,April_5,11.6,0.0,0.0,0.0,,0.0,0.0,0.0,0.0,0.0,0.0,0.0,0.0,2.8,0.0,0.0,0.0,20.4,13.0,0.3,0.0,0.0,16.9,0.1,0.0,0.5,0.0,0.0,0.2,0.0,0.0,0.0,0.0,0.0,0.0,19.5,2.7,0.0,8.9,0.0,0.0,0.1,14.6,0.0,0.0,0.0,1.3,20.1,0.0,,133.0
97,4,April,April_6,0.0,0.0,0.0,0.2,,4.6,1.1,23.3,0.0,0.0,0.0,0.0,31.7,1.3,0.2,0.0,53.9,28.5,26.0,6.4,0.0,15.7,0.0,0.0,7.1,3.0,2.7,0.0,0.0,0.0,0.0,0.0,0.4,3.7,0.0,1.4,0.6,0.0,0.2,3.7,2.0,0.0,0.1,0.0,0.0,0.0,0.6,0.0,0.0,,218.4
98,4,April,April_7,0.6,0.0,34.6,9.1,,0.0,9.1,6.0,2.3,1.9,0.0,9.2,0.1,0.0,50.9,16.8,0.0,0.4,0.6,0.0,2.5,1.0,10.7,13.8,23.2,26.0,10.5,20.5,0.0,0.0,0.0,0.5,0.0,5.9,0.5,0.1,0.3,0.0,0.2,1.6,5.4,0.7,0.0,0.0,0.0,0.0,9.4,0.0,0.3,,274.7
99,4,April,April_8,0.0,0.4,32.0,1.4,,0.0,17.7,16.3,45.2,27.4,0.0,0.0,55.2,0.0,0.0,2.8,1.9,0.0,0.2,0.0,0.5,0.0,0.0,0.0,0.8,3.3,1.4,2.7,0.0,0.0,8.3,1.7,0.5,36.0,0.0,0.0,14.1,0.0,0.0,1.7,0.0,0.7,3.5,0.0,0.0,0.0,5.3,0.0,0.0,,281.0
100,4,April,April_9,0.0,0.0,0.0,0.0,,25.4,3.5,1.5,0.0,0.0,5.1,13.1,0.3,4.3,12.3,0.0,1.1,0.0,33.4,0.0,10.4,21.1,0.4,0.0,0.6,0.0,0.6,3.0,0.0,15.0,0.0,0.4,1.2,2.7,0.0,0.0,0.9,3.8,0.0,0.3,13.5,8.0,34.0,49.8,0.0,0.0,0.0,0.0,34.8,,300.5
101,4,April,April_10,4.1,7.0,2.4,0.0,,13.9,2.1,0.7,5.5,8.6,8.5,0.2,31.1,20.0,0.0,4.6,0.0,0.0,0.0,17.7,0.3,0.0,0.0,9.3,2.9,0.0,0.0,0.0,0.0,0.0,0.0,0.0,0.0,32.5,10.1,0.0,0.0,0.0,0.1,0.0,0.3,4.7,12.8,0.0,10.0,0.0,2.3,9.8,0.2,,221.7
102,4,April,April_11,31.7,14.0,0.0,0.0,,18.8,0.0,0.2,0.0,0.0,0.0,0.0,4.2,7.9,0.0,1.5,0.0,0.0,0.6,0.0,0.0,0.0,1.0,0.0,7.7,3.6,0.0,0.0,0.2,0.0,11.4,0.0,9.1,11.3,0.0,0.0,0.0,0.0,0.0,0.0,0.0,0.1,0.0,0.0,0.6,15.6,0.0,37.6,0.0,,177.1
103,4,April,April_12,0.0,0.0,0.0,32.5,,0.0,0.0,1.8,0.0,0.0,39.7,3.7,13.2,0.0,5.3,9.2,0.0,1.6,1.1,0.0,2.3,0.9,0.3,35.0,0.0,0.0,0.7,0.0,13.5,0.0,1.6,8.9,0.0,20.7,11.7,0.0,1.6,22.5,0.0,0.0,9.5,0.0,5.6,0.2,0.0,0.2,0.0,21.4,0.0,,264.7
104,4,April,April_13,0.0,10.4,4.0,20.3,,6.7,0.0,0.0,0.0,0.0,0.0,0.0,0.1,2.1,11.4,9.3,28.9,0.0,0.0,4.1,0.0,0.0,3.5,2.7,26.7,0.6,0.5,19.4,0.0,25.0,0.0,0.0,45.8,0.0,0.0,9.0,9.7,0.0,0.0,3.3,0.4,0.0,37.6,0.0,5.7,10.7,0.0,0.0,1.2,,299.1
105,4,April,April_14,3.5,0.0,26.5,0.2,,0.1,0.0,48.3,0.0,14.0,0.0,0.0,0.3,5.4,0.0,0.1,0.0,0.0,0.0,0.4,0.0,0.0,0.2,0.0,0.9,0.0,0.0,0.0,0.0,0.0,36.7,0.0,0.0,17.8,0.0,0.9,33.3,0.5,0.0,0.0,16.3,0.0,0.0,0.0,0.0,0.0,23.0,3.4,0.0,,231.8
106,4,April,April_15,0.5,16.3,1.7,0.0,,18.0,14.3,0.0,0.0,0.0,0.0,23.0,17.5,0.3,19.5,40.1,17.3,0.0,14.0,26.9,0.0,0.0,0.2,0.3,0.0,0.4,0.0,0.0,0.0,0.0,8.5,0.0,0.0,3.7,18.1,2.1,0.0,6.5,0.0,0.0,6.3,11.5,0.0,0.0,0.0,0.0,0.0,0.3,21.7,,289.0
107,4,April,April_16,0.0,30.2,0.0,5.1,,22.9,2.6,10.7,5.5,1.1,1.6,0.0,14.6,20.3,0.0,0.1,0.4,8.3,1.3,0.0,0.6,7.8,0.0,0.0,5.6,0.0,2.0,0.0,17.2,0.0,0.0,0.0,0.0,0.2,0.0,17.3,0.0,0.0,10.6,0.0,39.9,5.5,35.8,46.1,23.2,0.0,0.2,0.3,0.0,,337.0
108,4,April,April_17,0.0,0.8,0.5,7.9,,0.0,0.1,0.0,6.9,3.8,13.2,12.5,14.6,0.0,0.0,13.5,50.2,7.2,0.4,103.4,0.0,9.7,0.0,0.0,0.7,0.5,0.0,7.8,0.0,5.4,0.0,18.5,0.0,2.3,3.0,0.0,2.1,0.3,40.6,0.3,5.3,24.6,0.0,0.3,2.6,0.4,0.7,0.0,16.1,,376.2
109,4,April,April_18,9.7,0.0,1.5,3.4,,0.0,13.2,21.4,0.0,0.1,11.8,1.4,1.0,31.6,32.4,1.4,0.0,0.2,0.0,0.0,14.4,0.0,0.0,0.0,0.0,0.0,12.6,28.0,0.0,3.9,0.3,8.5,18.6,5.0,11.7,0.0,28.5,0.2,0.3,0.0,2.0,1.7,1.2,0.0,2.3,0.6,1.2,0.0,75.6,,345.7
110,4,April,April_19,0.9,1.9,34.0,7.8,,19.0,0.0,0.0,0.0,0.0,2.9,0.0,0.0,0.0,14.3,0.0,0.0,1.4,0.3,4.7,29.2,0.0,0.0,0.0,26.0,0.0,0.0,3.2,0.0,1.4,0.0,52.3,0.0,0.3,0.5,0.0,2.9,5.2,0.0,4.9,,0.3,0.0,0.0,41.0,8.1,0.0,0.0,0.0,,262.5
111,4,April,April_20,0.0,0.0,0.0,4.9,,0.0,0.8,3.4,5.4,0.4,0.9,4.5,21.2,0.0,6.5,0.0,0.0,0.0,0.0,0.0,0.0,0.0,12.3,55.2,0.0,0.0,16.0,0.0,0.0,0.0,5.0,0.0,26.2,0.0,0.0,0.0,0.0,4.3,0.0,0.0,,52.4,0.0,0.0,0.0,19.3,0.0,0.0,0.0,,238.7
112,4,April,April_21,0.0,0.0,0.0,18.9,,18.9,0.0,0.8,49.1,5.7,1.3,0.0,11.2,0.1,38.5,2.8,0.0,13.4,0.2,0.0,1.3,0.0,57.7,6.3,3.9,15.6,12.6,48.4,0.0,0.0,3.1,0.0,0.0,0.0,0.0,9.9,0.0,0.0,8.6,4.6,0.0,0.2,0.7,7.3,0.0,0.0,0.0,0.0,0.0,,341.1
113,4,April,April_22,0.0,0.0,0.0,6.0,,0.0,16.0,3.4,50.9,0.0,1.3,1.9,0.1,0.0,24.0,0.0,8.2,0.0,0.2,0.0,0.0,0.0,0.0,0.0,19.1,0.0,0.2,0.2,6.0,0.0,3.0,0.4,4.1,0.0,42.7,1.7,0.0,0.3,0.0,0.0,0.0,51.3,0.0,0.1,0.0,0.0,0.0,0.0,0.0,,241.1
114,4,April,April_23,0.0,0.0,18.3,0.0,,112.2,0.0,1.7,2.1,0.3,12.1,5.5,0.0,33.6,0.0,0.4,53.9,31.1,0.0,0.0,0.2,0.2,0.0,20.4,3.2,2.8,0.0,0.0,0.0,0.0,62.8,1.6,6.3,27.9,0.5,3.3,2.3,0.0,0.0,0.0,1.9,0.4,0.0,0.2,0.0,0.0,3.2,98.9,0.0,,507.3
115,4,April,April_24,4.6,0.0,0.8,0.0,,0.1,25.9,19.6,0.0,0.0,0.0,0.0,8.0,3.7,1.1,0.0,3.1,0.2,0.0,0.2,0.0,16.2,0.0,0.0,0.0,0.0,0.0,0.8,0.0,0.0,0.7,0.0,0.0,9.0,4.9,2.3,0.5,7.8,0.0,0.0,60.2,0.0,0.0,0.0,0.0,0.0,6.3,5.0,0.0,,181.0
116,4,April,April_25,0.0,0.5,34.9,26.2,,17.1,0.0,1.0,0.0,0.0,0.0,5.2,0.0,0.0,5.0,19.4,0.0,0.0,0.0,17.0,6.1,0.0,0.0,9.2,0.0,27.7,39.0,23.5,0.0,0.0,34.5,0.0,0.0,0.0,1.6,5.4,19.9,16.3,69.2,0.0,0.0,0.0,4.2,0.0,0.0,0.0,0.1,42.5,0.5,,426.0
117,4,April,April_26,12.7,5.2,0.0,0.0,,0.3,0.0,0.0,0.0,0.0,0.0,4.3,0.0,0.0,0.1,0.1,2.0,3.1,11.3,18.0,16.4,0.0,0.6,0.1,0.2,0.0,0.5,0.0,3.8,0.0,3.5,16.9,0.0,0.0,0.0,0.0,1.0,0.0,0.1,14.1,0.0,0.0,21.4,0.0,10.1,0.6,0.0,0.0,0.0,,146.4
118,4,April,April_27,3.8,1.3,0.0,15.1,,0.3,0.0,45.4,1.8,0.2,0.0,3.7,0.0,0.0,0.0,0.0,35.9,6.5,2.2,0.0,0.0,0.0,0.0,0.0,0.0,0.0,5.1,0.0,0.0,0.0,0.0,0.0,0.0,0.0,0.0,0.0,0.0,0.3,12.6,11.3,0.2,39.6,0.0,7.4,0.0,0.0,0.0,7.7,1.2,,201.6
119,4,April,April_28,0.9,0.1,0.0,0.4,,27.2,2.1,0.0,1.3,15.7,1.3,4.6,0.0,0.0,4.0,29.0,0.0,0.0,48.0,26.7,5.8,10.2,0.0,1.7,0.5,0.0,46.3,0.0,0.0,0.0,0.0,0.0,0.0,19.1,0.0,17.1,0.0,10.7,16.1,0.0,0.0,0.0,2.4,0.5,0.0,1.0,15.8,0.0,0.0,,308.5
120,4,April,April_29,1.9,0.0,7.2,0.0,,13.0,0.0,2.6,0.4,3.9,2.1,0.0,15.0,0.0,0.0,0.0,0.5,0.2,13.3,0.0,21.4,8.4,0.2,0.5,14.0,0.0,0.0,23.0,0.0,0.0,12.0,5.6,0.8,0.8,0.7,0.0,32.6,0.0,1.4,27.3,0.0,0.0,0.0,0.0,0.0,0.0,0.0,14.0,5.1,,227.9
121,4,April,April_30,0.0,0.0,0.0,8.5,,4.1,4.5,0.1,0.0,17.2,0.1,0.0,0.2,31.5,0.0,0.0,0.3,0.1,11.9,2.3,0.0,0.0,0.0,17.6,1.0,0.0,0.0,1.6,0.0,14.5,48.2,1.2,0.2,9.3,0.5,0.4,0.0,16.7,38.5,6.1,0.0,0.3,64.6,,0.0,0.0,0.6,0.0,0.1,,302.2
122,5,May,May_1,0.0,0.8,17.3,0.0,,0.0,0.0,3.0,3.6,0.0,0.0,0.0,18.4,0.0,0.0,1.1,0.2,0.0,0.0,1.3,21.5,0.0,0.0,,0.0,0.0,0.0,0.0,2.6,0.4,2.8,1.3,0.0,0.0,0.0,20.5,2.0,0.0,0.0,20.2,12.2,17.2,74.5,85.9,16.2,0.4,0.0,24.7,0.0,,348.1
123,5,May,May_2,4.9,0.0,0.0,2.0,,0.0,0.0,21.3,1.6,0.0,0.0,1.8,0.0,7.0,0.0,0.0,0.0,0.4,17.2,3.2,7.1,23.1,1.5,,4.9,13.1,0.0,0.0,0.0,0.0,38.3,0.1,37.0,,0.0,24.1,1.3,0.0,0.0,0.0,0.2,2.1,0.0,0.0,0.0,0.0,0.3,0.0,3.6,,216.1
124,5,May,May_3,0.2,0.0,22.3,25.9,,11.1,1.2,0.0,0.0,0.8,0.0,0.5,1.5,0.3,48.6,0.0,0.0,0.4,46.0,30.3,0.1,1.8,0.0,,2.1,0.8,2.4,19.0,2.7,0.5,0.0,7.0,0.0,,34.3,0.0,22.2,0.0,0.0,0.0,1.4,0.5,0.0,0.0,0.0,0.0,19.4,1.5,0.2,,305.0
125,5,May,May_4,1.1,0.0,0.0,0.0,,0.5,0.0,0.0,0.0,24.6,0.0,25.2,0.1,113.5,0.1,0.0,0.0,0.0,0.2,4.4,0.0,50.4,40.6,,0.0,1.4,0.2,0.0,0.0,0.0,0.0,0.0,21.9,,21.1,0.0,0.4,0.0,1.1,26.4,1.8,0.0,0.0,0.0,0.8,0.0,0.0,23.1,0.0,,358.9
126,5,May,May_5,4.3,0.0,1.9,0.0,,33.5,10.8,1.1,7.3,0.0,0.0,0.0,0.9,0.0,6.5,0.0,1.5,0.4,0.0,0.0,4.1,17.5,0.0,,9.9,0.0,3.7,63.1,0.0,0.0,1.7,7.4,0.0,,0.0,0.0,0.1,0.0,0.0,0.1,0.0,0.0,0.0,0.0,0.0,9.2,0.6,0.5,0.0,,186.1
127,5,May,May_6,0.0,33.3,0.2,0.1,,0.0,0.0,12.6,0.0,0.0,32.9,57.3,26.9,53.3,80.0,7.7,0.5,35.6,1.9,0.0,0.0,0.0,0.2,,0.0,0.0,2.9,7.4,4.4,11.6,7.8,7.0,0.0,,0.0,33.6,0.0,0.0,0.0,14.3,44.0,0.0,6.6,0.0,0.0,0.0,0.0,0.0,6.5,,488.6
128,5,May,May_7,0.0,0.3,1.4,0.0,,44.0,0.0,3.6,0.0,0.0,2.1,0.0,53.1,53.6,33.8,0.0,0.0,3.0,5.8,0.0,0.0,1.5,0.0,,0.9,0.0,9.3,16.0,8.7,3.9,1.1,31.1,0.0,,23.1,0.5,0.2,0.0,0.0,0.2,10.4,0.1,0.0,1.0,0.0,0.9,13.4,0.0,20.3,,343.3
129,5,May,May_8,1.9,0.0,0.0,1.4,,0.0,3.5,0.0,17.7,40.2,0.1,0.8,0.0,0.0,0.0,0.0,0.0,0.5,0.0,4.9,16.1,0.9,25.3,,0.0,0.0,0.3,0.0,10.6,0.0,0.0,9.1,6.6,,0.0,0.0,11.2,4.3,1.2,0.0,0.0,0.0,3.8,0.9,0.0,0.0,0.0,11.1,0.2,,172.6
130,5,May,May_9,0.0,1.4,18.1,4.7,,43.6,0.0,1.9,1.1,0.8,0.0,0.0,0.0,1.1,2.8,1.0,10.8,21.5,0.0,0.0,3.1,21.0,0.0,,0.4,31.5,0.8,0.0,0.0,0.0,0.0,0.3,1.4,,10.2,2.3,8.4,0.2,0.2,0.0,0.0,0.0,0.0,0.0,0.0,1.4,7.0,0.2,0.0,,197.2
131,5,May,May_10,1.5,66.2,1.4,5.6,,12.1,0.0,0.5,0.0,0.0,14.7,21.0,0.0,0.0,0.0,0.4,0.0,0.4,30.3,8.9,0.0,11.6,0.0,,8.1,8.1,22.8,0.0,0.0,13.2,8.2,0.5,0.0,,0.0,0.0,0.0,0.0,0.0,0.0,0.0,0.0,0.0,0.0,0.0,5.5,0.0,0.0,11.8,,252.8
132,5,May,May_11,0.4,0.2,0.0,0.1,,0.0,0.0,29.2,14.1,0.0,11.2,0.0,0.0,0.0,0.0,43.3,0.0,0.1,0.2,0.2,45.2,18.9,10.2,,0.0,3.3,0.0,0.0,0.3,0.5,6.0,0.2,13.7,,0.0,0.0,0.1,0.3,24.4,26.2,3.5,0.0,28.4,0.0,0.0,17.0,0.0,0.0,0.1,,297.3
133,5,May,May_12,0.0,3.0,11.6,0.0,,44.9,3.6,0.5,0.0,22.0,2.9,1.6,0.0,16.5,6.1,11.0,0.0,0.6,0.0,0.0,4.3,0.2,25.7,,0.7,1.9,0.0,3.3,0.8,9.0,34.1,0.0,0.0,,0.1,0.0,0.0,0.0,0.0,0.0,0.0,0.0,0.1,1.0,0.0,3.3,44.3,0.1,0.0,,253.2
134,5,May,May_13,0.0,0.0,5.0,37.8,,0.0,15.4,0.0,0.0,10.2,2.2,0.0,0.0,0.1,0.0,6.2,0.0,27.7,0.2,0.0,0.0,0.1,0.0,,0.9,2.4,3.7,14.1,0.0,31.4,0.0,0.0,14.7,,24.0,0.0,9.2,0.0,0.7,21.7,58.4,0.0,0.0,25.8,0.0,12.0,0.1,0.0,0.0,,324.0
135,5,May,May_14,0.0,16.4,0.0,0.0,,0.0,1.0,0.0,0.0,0.0,31.4,8.3,0.1,1.5,0.0,0.0,0.0,1.4,0.7,0.0,0.4,4.3,0.1,,0.8,0.0,0.0,39.6,0.2,0.0,0.0,28.0,34.4,,0.1,0.0,0.0,0.0,8.9,0.0,2.0,0.0,,0.0,18.3,1.7,10.8,0.0,0.1,,210.5
136,5,May,May_15,0.0,8.9,2.7,46.3,,7.6,2.8,1.0,4.6,0.0,2.0,0.0,0.0,0.0,0.2,0.0,0.2,12.7,0.0,9.9,15.4,0.0,0.0,,0.0,10.7,0.0,0.0,0.0,6.7,2.1,0.0,9.7,,0.0,0.0,33.2,0.0,0.0,9.3,0.0,0.0,,0.0,0.0,0.0,0.0,36.9,29.5,,252.4
137,5,May,May_16,0.0,0.0,6.7,48.3,,0.0,0.2,5.5,33.8,0.0,0.5,0.5,0.5,0.0,0.0,0.0,28.2,0.0,0.0,0.2,0.0,0.0,0.0,,3.5,48.2,0.0,0.0,3.2,0.2,22.8,0.0,5.5,,0.0,3.9,0.1,24.7,0.0,8.7,1.4,0.8,0.1,3.9,19.2,0.0,0.0,0.0,2.4,,273.0
138,5,May,May_17,16.1,69.6,11.6,0.2,,0.0,0.0,10.2,0.6,0.0,0.0,3.4,14.5,12.7,0.0,7.7,0.0,0.0,4.4,0.0,0.6,14.6,0.0,,0.0,33.3,0.0,0.0,0.0,0.0,0.3,0.0,0.0,,0.0,0.1,0.0,0.1,0.4,0.0,5.1,0.0,5.3,0.0,0.0,18.0,0.0,19.6,0.0,,248.4
139,5,May,May_18,0.0,5.5,0.0,7.2,,0.0,0.0,0.0,0.2,9.1,0.0,0.0,2.3,0.0,1.9,0.5,0.0,5.9,0.2,7.6,1.4,0.0,0.0,,0.1,0.0,0.0,5.7,0.0,0.3,0.0,0.1,0.0,,3.7,0.0,0.3,2.2,3.1,0.1,0.0,40.0,0.0,0.0,0.7,0.0,0.0,0.0,0.0,,98.1
140,5,May,May_19,0.2,0.0,0.0,2.6,,0.0,0.0,2.4,0.0,20.3,55.9,0.0,13.1,5.0,0.0,0.9,0.0,0.0,2.7,0.0,1.1,0.0,0.0,,0.9,1.3,5.9,0.0,0.2,0.8,54.6,40.2,0.0,,1.7,2.4,0.0,0.0,0.8,1.5,0.0,30.3,0.0,0.7,24.8,0.0,0.0,20.0,4.0,,294.3
141,5,May,May_20,7.8,1.1,1.9,0.0,,14.0,0.4,0.0,0.4,0.0,0.2,0.0,5.1,12.0,52.2,0.3,0.0,0.0,5.5,33.6,12.5,2.7,8.6,,0.2,1.1,14.5,0.0,0.5,0.0,0.0,9.8,0.0,,0.4,6.8,0.2,48.7,0.0,0.0,0.0,11.7,0.0,0.0,1.4,3.0,6.9,21.1,0.0,,284.6
142,5,May,May_21,8.7,1.3,0.0,1.2,,6.4,0.0,0.0,0.3,8.2,0.0,0.0,0.0,0.0,0.8,0.0,1.4,0.0,0.0,0.2,7.3,0.2,28.3,,0.0,7.5,0.6,0.0,0.0,0.0,0.0,0.0,31.6,,0.4,25.2,0.0,0.0,2.8,5.7,0.6,13.5,0.2,12.7,0.0,88.6,0.0,0.0,0.5,,254.2
143,5,May,May_22,0.0,0.0,27.2,0.2,,0.0,0.0,0.0,0.4,3.5,5.8,0.0,0.0,0.0,0.4,63.5,8.0,0.9,0.0,0.6,4.7,0.0,0.2,,0.8,3.7,0.0,0.0,0.0,0.0,0.0,97.8,0.0,,0.0,0.7,2.3,9.4,0.0,0.0,0.0,3.2,5.2,0.0,0.0,5.1,72.6,5.0,0.0,,321.2
144,5,May,May_23,0.5,0.3,0.0,10.5,,11.0,0.0,0.0,2.1,0.0,0.0,0.0,0.0,0.0,0.0,3.6,29.6,6.9,0.2,0.0,0.0,0.0,0.0,,0.1,22.8,0.5,0.0,0.0,0.0,0.0,4.7,0.0,,0.0,0.9,0.0,0.1,0.0,5.9,0.0,0.0,0.6,0.0,0.0,0.5,0.0,0.2,12.1,,113.1
145,5,May,May_24,0.1,0.0,0.0,2.7,,2.0,0.2,0.1,0.0,0.8,16.5,5.0,16.1,46.3,1.0,0.0,0.0,0.0,0.2,0.0,0.0,0.6,0.0,,0.4,4.8,0.0,0.0,0.0,3.9,6.9,18.8,0.0,,0.0,0.6,5.5,0.9,0.0,0.0,1.5,1.0,0.0,1.9,0.0,0.2,0.0,0.0,0.0,,138.0
146,5,May,May_25,0.2,0.0,0.0,11.0,,0.1,2.5,0.0,0.0,0.8,0.0,0.0,4.7,3.6,0.2,0.0,1.3,1.3,0.0,18.3,0.0,57.0,16.8,,36.1,0.0,0.2,0.0,0.0,2.1,0.0,4.1,5.9,,0.4,0.0,0.0,0.0,0.0,0.0,9.5,0.0,0.8,1.6,0.0,0.3,25.6,1.3,0.0,,205.7
147,5,May,May_26,0.0,0.0,0.0,5.0,,0.6,0.0,0.0,2.5,0.2,0.0,10.1,0.0,0.0,1.0,0.0,0.0,0.0,0.0,0.0,17.7,0.1,0.3,,0.0,1.0,0.0,27.3,96.4,0.0,6.3,0.0,0.0,,0.0,0.0,0.0,2.2,4.9,0.0,2.1,0.0,0.0,1.1,21.5,0.0,0.3,0.0,57.2,,257.8
148,5,May,May_27,0.0,14.7,0.0,0.0,,29.8,0.0,3.0,0.0,0.0,0.0,0.0,0.0,52.7,0.6,4.0,0.0,0.0,20.2,1.2,1.3,18.3,0.0,,0.5,19.6,2.4,0.0,0.2,0.9,0.0,24.2,0.0,,2.5,0.4,0.0,55.9,0.4,5.5,22.6,6.2,18.4,0.1,0.7,1.8,0.0,0.0,0.0,,308.1
149,5,May,May_28,0.1,0.0,2.2,2.5,,0.8,2.0,29.4,0.0,0.0,0.6,0.2,0.0,0.1,0.1,0.2,11.4,0.0,0.0,0.2,0.0,0.0,6.5,,0.0,0.0,0.0,0.9,0.3,57.3,0.0,0.0,0.4,,4.9,30.4,0.0,0.0,0.0,0.0,1.7,0.1,0.8,0.0,13.7,0.0,14.0,2.1,0.7,,183.6
150,5,May,May_29,0.0,25.6,0.0,0.0,,8.6,0.3,0.0,0.0,14.7,36.8,8.2,3.3,13.3,0.0,0.0,8.4,0.0,0.0,0.0,0.0,0.5,0.0,,0.0,21.6,2.4,0.0,0.1,0.2,38.4,0.0,0.3,,0.0,20.1,0.0,1.0,0.0,0.0,3.3,0.0,0.0,0.0,0.4,13.7,0.6,0.0,1.0,,222.8
151,5,May,May_30,1.4,0.0,0.0,32.5,,0.8,0.0,0.0,35.3,0.0,1.3,14.7,62.5,0.0,0.0,12.8,18.5,0.0,0.0,0.0,0.0,0.0,0.0,,4.3,0.0,0.3,1.8,7.1,0.0,0.0,44.6,0.5,,1.9,0.4,0.0,0.2,24.9,0.0,0.0,0.0,1.9,0.0,0.0,0.0,0.0,0.0,0.0,,267.7
152,5,May,May_31,0.0,0.2,0.0,2.2,,6.8,44.3,0.3,0.0,0.0,0.0,9.6,15.9,0.0,25.6,11.6,0.1,0.0,2.9,2.3,0.0,0.0,32.7,,0.0,0.0,0.0,10.0,0.7,0.0,0.0,0.0,0.0,,8.6,0.0,24.2,0.0,0.4,0.0,0.6,0.0,6.1,0.0,1.2,0.0,0.0,6.5,0.0,,212.8
153,6,June,June_1,0.0,1.9,0.3,0.0,,49.4,0.0,0.0,0.0,0.0,0.0,0.4,3.4,0.8,17.9,0.0,0.0,0.1,19.0,0.8,0.4,0.1,0.1,0.0,0.7,1.7,0.0,0.0,0.0,0.0,0.0,5.4,0.4,0.0,0.0,0.5,0.0,0.0,8.6,13.8,2.9,0.0,0.1,1.8,3.3,0.0,0.0,0.5,0.0,,134.3
154,6,June,June_2,18.9,0.5,0.0,2.7,,40.3,0.0,0.0,1.1,4.6,0.0,1.6,0.0,0.5,0.0,0.0,0.0,0.2,5.9,1.7,0.4,4.3,0.0,0.2,4.2,0.2,3.4,0.0,0.9,3.5,0.0,0.0,1.6,0.4,0.5,0.9,11.7,0.0,0.0,0.0,0.0,18.1,0.1,0.3,0.7,0.0,0.0,3.2,0.0,,132.6
155,6,June,June_3,2.5,1.3,2.9,1.4,,0.1,0.0,0.0,0.5,0.0,0.7,0.0,0.9,0.0,0.0,0.0,10.2,0.0,0.0,0.0,0.9,31.1,0.0,0.0,0.0,0.0,0.0,5.3,0.0,0.2,32.0,0.0,2.9,0.2,0.0,0.0,0.0,5.5,0.3,0.0,0.3,0.0,0.0,0.1,0.0,0.0,0.0,0.0,0.0,,99.3
156,6,June,June_4,13.0,1.0,0.0,2.2,,0.2,0.6,0.1,0.1,0.0,0.0,0.0,0.0,17.3,4.8,7.7,0.0,32.3,39.6,9.3,0.1,1.4,10.0,0.0,0.0,0.0,0.0,0.0,0.0,0.2,0.0,0.1,0.0,0.0,0.0,31.0,0.0,1.3,0.0,0.0,0.0,0.0,51.6,0.0,0.0,2.6,58.8,0.0,0.0,,285.3
157,6,June,June_5,1.1,0.8,0.0,0.0,,0.5,9.1,0.0,0.0,0.0,1.0,0.0,0.0,0.0,0.0,0.0,0.0,0.1,0.1,0.0,0.0,0.9,0.0,0.0,0.0,0.0,2.1,0.9,0.0,0.1,0.0,0.0,0.0,0.0,36.2,0.0,52.4,0.0,46.9,0.0,0.0,4.3,0.1,0.0,2.6,0.4,1.3,23.1,0.0,,184.0
158,6,June,June_6,0.0,0.0,0.0,0.2,,39.1,0.0,6.6,13.7,0.4,0.0,0.0,0.0,0.0,0.5,0.0,0.0,0.0,0.6,9.8,27.1,0.0,8.4,0.0,0.0,0.0,0.0,1.5,0.0,0.0,0.2,12.3,9.0,0.0,0.0,0.0,0.0,0.1,7.0,5.5,0.0,12.9,0.0,0.4,20.2,21.1,16.7,0.2,0.0,,213.5
159,6,June,June_7,9.8,0.0,0.1,0.1,,11.8,0.3,0.0,10.9,0.0,0.0,0.9,0.0,1.9,0.0,1.0,0.3,0.0,0.0,0.0,11.3,0.0,0.0,15.3,0.3,0.0,0.3,1.0,0.0,14.4,0.0,0.0,0.4,6.6,1.7,0.0,0.0,6.0,43.0,1.9,25.6,0.0,0.0,0.0,23.9,0.3,0.0,19.0,52.5,,260.6
160,6,June,June_8,14.5,0.0,0.6,0.0,,1.0,0.0,2.1,0.0,0.0,0.0,4.3,0.0,0.5,0.0,0.0,0.0,4.9,0.0,0.0,1.2,28.6,0.0,0.0,4.5,16.5,2.4,0.0,0.0,0.0,36.4,0.0,0.0,0.0,0.0,0.0,0.0,0.1,0.0,0.0,0.1,0.0,0.0,0.0,0.0,0.0,10.2,0.0,0.0,,127.9
161,6,June,June_9,0.0,0.0,0.0,0.6,,0.0,2.4,0.1,0.2,0.0,0.0,0.0,0.2,32.7,0.1,0.2,6.2,28.3,0.0,0.4,15.0,0.0,0.0,19.9,0.0,0.2,0.0,0.2,9.6,0.4,0.0,48.3,0.0,0.4,2.2,0.1,0.0,6.9,0.0,0.0,0.0,0.1,2.8,0.0,0.1,0.0,11.4,14.0,0.0,,203.0
162,6,June,June_10,0.0,1.2,0.0,0.0,,0.0,16.7,33.6,0.2,0.0,0.0,0.4,0.0,0.0,0.0,14.4,0.0,10.4,0.0,14.7,0.9,1.5,0.0,0.0,0.0,0.0,0.0,0.0,0.0,0.0,0.0,7.9,0.0,2.6,0.0,0.1,0.0,0.1,0.0,0.0,0.0,0.0,0.1,0.0,0.0,1.1,0.0,0.0,1.0,,106.9
163,6,June,June_11,0.0,0.0,2.1,0.1,,9.0,0.0,0.2,0.0,0.0,0.0,9.4,16.2,0.0,5.8,0.0,0.3,0.0,34.0,8.7,0.4,0.0,25.1,0.0,0.0,0.0,13.7,8.2,0.0,0.0,2.5,0.0,22.5,0.0,0.0,0.1,7.2,0.1,0.0,0.0,0.2,13.6,0.0,0.0,24.7,11.2,3.5,0.0,0.0,,218.8
164,6,June,June_12,0.0,0.0,5.9,0.0,,3.4,0.0,0.0,4.3,0.0,0.0,0.0,2.4,0.0,0.0,0.0,0.0,0.0,0.0,1.1,0.0,0.2,4.0,0.2,1.0,18.2,0.0,0.0,0.0,0.0,0.0,0.3,0.0,0.0,1.2,0.0,0.5,0.0,0.0,0.0,0.0,0.0,0.0,0.0,0.0,0.2,2.1,0.0,0.0,,45.0
165,6,June,June_13,0.0,29.6,0.0,0.7,,18.3,23.8,0.0,1.7,0.0,0.3,30.0,0.0,0.0,0.0,14.7,10.2,0.0,0.0,14.2,0.0,0.2,0.0,0.7,13.5,0.0,6.2,0.0,0.0,61.2,0.0,0.0,0.1,0.4,0.0,0.0,24.0,4.5,0.0,7.1,0.0,0.0,0.1,0.0,0.0,0.0,0.0,0.0,4.1,,265.6
166,6,June,June_14,9.3,4.2,0.0,0.0,,14.6,2.0,0.0,0.0,0.1,0.0,0.0,0.0,0.0,0.0,0.0,0.0,0.2,16.5,0.1,0.0,0.0,4.3,0.5,0.7,0.0,1.8,4.0,6.3,0.1,0.0,0.5,0.0,0.0,21.3,0.0,0.0,0.0,0.0,0.0,0.0,4.1,13.8,0.0,0.0,0.1,8.3,0.0,1.0,,113.8
167,6,June,June_15,11.3,0.0,39.7,0.0,,0.0,0.2,0.5,0.0,0.0,0.0,14.3,0.0,0.0,11.6,1.6,0.0,0.4,0.1,0.0,0.0,20.1,0.0,5.9,21.6,45.0,0.1,7.4,0.0,2.3,0.0,0.0,0.0,0.0,0.0,0.0,0.0,5.9,0.0,41.6,0.0,0.0,0.0,0.3,1.0,0.0,0.2,0.0,0.2,,231.3
168,6,June,June_16,0.0,2.8,2.3,1.9,,7.8,0.0,11.7,0.9,0.0,0.0,0.0,52.4,0.0,4.3,0.2,0.0,0.1,13.9,0.0,0.9,0.1,0.0,0.0,21.1,6.0,0.2,0.0,0.3,9.7,14.8,0.2,41.6,0.7,3.8,0.0,4.6,0.0,10.4,6.6,0.0,0.0,22.8,0.0,0.0,22.5,0.0,5.5,8.4,,278.5
169,6,June,June_17,0.0,0.0,0.0,0.0,,.,0.0,0.2,0.0,8.1,5.4,1.2,0.0,9.7,0.0,0.1,0.0,0.4,0.1,0.0,0.0,0.2,28.1,2.7,0.0,0.3,0.0,0.0,0.0,0.1,0.1,13.3,25.7,0.0,0.0,0.0,0.0,0.0,0.2,0.1,0.0,0.0,0.2,44.5,0.0,14.6,0.3,43.6,0.2,,199.4
170,6,June,June_18,0.0,0.0,0.0,35.0,,18.0,0.0,0.0,0.0,0.0,0.4,0.0,0.1,0.0,0.1,30.8,0.0,0.1,0.0,0.2,0.0,0.0,11.7,0.0,0.0,0.0,21.2,4.2,0.2,0.1,0.0,0.2,0.0,0.0,0.0,2.4,24.9,3.4,0.2,23.6,0.0,0.0,0.0,0.0,0.0,0.7,0.7,0.0,8.5,,186.7
171,6,June,June_19,27.8,0.1,14.1,0.2,,1.7,0.4,16.6,0.0,0.0,0.0,0.0,0.0,0.0,0.0,0.0,0.1,1.8,1.7,23.9,0.0,8.7,0.0,0.0,0.0,0.0,0.0,0.0,0.0,0.0,30.5,0.0,0.0,1.2,0.0,5.3,0.3,0.0,5.7,0.3,1.0,0.0,24.8,0.0,0.0,0.7,0.2,1.0,0.2,,168.3
172,6,June,June_20,3.9,19.6,1.9,0.0,,28.0,0.0,0.1,0.0,1.1,0.0,0.0,0.5,0.4,1.1,0.0,0.0,0.0,0.0,1.3,18.8,0.1,0.0,0.0,27.3,0.0,0.5,0.0,0.0,0.0,10.8,0.0,0.0,0.0,37.0,10.9,0.0,0.0,0.0,2.3,8.1,0.8,0.9,0.1,0.0,0.2,0.0,0.0,2.6,,178.3
173,6,June,June_21,0.0,0.0,12.2,0.1,,0.0,0.5,0.0,5.2,0.0,1.2,0.0,0.0,0.0,0.0,0.0,0.3,1.3,0.0,0.2,0.0,0.0,5.1,1.3,0.7,0.0,0.0,1.3,0.0,6.3,0.0,25.5,0.0,0.7,0.0,46.8,28.2,0.0,0.0,11.9,0.0,6.5,0.6,0.3,0.1,1.1,0.0,0.3,0.0,,157.7
174,6,June,June_22,11.2,0.0,0.0,10.8,,0.0,0.1,0.0,0.4,0.0,0.0,0.0,0.0,0.0,0.0,4.0,0.0,8.9,0.0,0.0,0.0,0.0,0.0,0.0,5.8,0.0,0.0,0.0,0.0,0.0,40.5,0.3,20.1,0.6,0.2,0.3,0.0,52.7,0.0,30.8,0.3,0.0,0.6,0.9,0.0,0.0,0.0,0.0,0.0,,188.5
175,6,June,June_23,0.5,0.0,4.6,0.0,,25.8,2.9,0.0,0.8,0.0,0.0,0.3,36.5,0.0,0.1,7.9,0.0,2.2,0.4,0.0,0.0,20.7,0.2,7.5,0.0,0.0,0.0,4.4,0.0,2.5,0.0,0.0,0.6,0.0,0.0,6.5,0.6,0.0,0.0,10.7,27.2,0.0,0.0,0.0,0.0,0.0,0.0,0.4,5.5,,168.8
176,6,June,June_24,7.3,0.0,0.0,15.4,,0.1,0.0,0.0,0.2,0.0,38.3,10.1,0.1,0.0,0.0,0.0,0.5,18.0,0.2,0.0,0.0,0.0,0.0,0.5,20.0,0.0,0.0,4.5,0.0,0.1,0.0,4.3,16.4,15.8,0.0,19.5,0.0,0.0,0.0,0.1,0.1,0.0,0.0,0.0,19.2,0.0,0.2,0.0,0.0,,190.9
177,6,June,June_25,0.0,0.1,0.5,0.8,,1.1,21.8,0.0,26.5,0.0,0.9,49.9,0.1,0.0,0.0,0.0,7.4,0.1,0.0,0.0,0.0,0.0,0.0,3.8,0.0,1.0,3.8,0.0,6.2,0.0,0.0,41.6,0.0,0.0,0.5,0.5,9.8,0.0,2.7,3.0,0.0,0.4,0.0,0.0,0.0,24.1,0.0,9.3,0.0,,215.9
178,6,June,June_26,0.0,0.0,2.4,0.0,,0.0,0.3,0.0,0.1,4.6,13.6,1.6,0.8,1.6,0.0,12.1,0.3,0.2,0.0,9.2,7.6,0.0,13.4,0.0,14.1,2.0,0.2,20.3,0.3,14.5,6.3,3.7,0.0,0.0,28.6,0.0,0.2,20.6,0.9,1.0,0.2,36.1,0.0,4.7,0.8,0.4,0.0,9.3,0.0,,232.0
179,6,June,June_27,0.0,3.3,0.0,0.0,,0.0,2.0,0.0,0.1,0.6,0.1,0.1,4.1,0.0,0.0,0.0,8.1,17.2,0.0,9.3,11.0,37.6,0.0,0.4,0.2,0.0,0.0,0.0,0.0,0.0,0.0,0.5,0.0,10.3,0.0,0.0,0.0,0.0,34.0,0.1,0.0,0.5,0.0,0.2,0.0,0.0,0.0,2.5,88.4,,230.6
180,6,June,June_28,0.3,78.4,0.0,0.0,,0.0,18.8,0.0,0.0,0.0,25.0,0.0,20.4,0.0,7.0,0.0,0.1,0.0,0.0,0.0,0.0,0.1,0.0,5.8,6.7,0.0,0.0,0.0,2.9,0.0,0.0,4.6,0.0,0.0,3.6,50.7,0.0,0.0,0.0,0.3,0.7,0.4,13.7,0.0,7.3,0.3,38.2,3.8,0.2,,289.3
181,6,June,June_29,32.6,0.0,0.0,0.0,,0.0,0.0,1.0,0.0,0.0,0.2,0.0,0.0,10.4,0.0,0.3,0.4,0.2,0.0,0.0,0.0,0.1,0.5,0.0,0.3,0.0,19.2,0.0,0.2,0.0,2.2,0.3,2.0,0.0,0.0,0.0,0.0,0.2,0.0,0.0,0.0,0.8,1.2,0.2,0.0,0.0,37.2,19.7,0.0,,129.2
182,6,June,June_30,0.0,0.1,0.0,0.0,,16.2,3.3,2.5,0.0,0.2,16.2,0.2,0.9,0.0,0.6,0.0,4.2,0.7,0.1,0.0,20.6,20.8,0.0,0.0,0.0,0.3,0.7,1.1,0.0,0.0,1.7,0.2,0.0,0.0,0.0,2.5,7.3,0.0,0.0,8.9,0.0,0.0,0.0,0.3,0.0,1.2,0.2,0.0,0.0,,111.0
183,7,July,July_1,46.4,53.0,0.0,5.2,,0.0,0.0,2.5,14.2,34.2,18.1,0.0,2.3,0.0,0.1,0.0,0.1,15.8,0.0,24.0,0.5,0.0,0.0,7.2,0.0,15.2,0.1,19.7,0.1,0.0,1.7,0.2,1.3,0.0,0.0,3.2,0.0,7.2,2.2,0.2,0.0,13.5,8.8,0.3,0.0,0.0,0.0,,0.3,,297.6
184,7,July,July_2,0.0,13.1,0.0,0.2,,0.0,0.0,0.0,1.1,0.2,0.0,0.0,25.5,0.0,0.2,0.2,3.8,0.1,0.9,0.7,0.0,0.0,1.5,0.0,0.0,1.0,0.0,0.2,0.0,0.0,0.3,0.0,0.0,2.3,7.2,0.0,1.9,20.3,0.8,16.0,13.8,0.4,0.3,1.1,0.0,0.0,7.4,,1.0,,121.5
185,7,July,July_3,13.1,0.0,0.0,0.3,,0.0,0.2,2.3,0.0,0.0,18.3,0.0,0.0,0.2,18.3,0.0,0.0,0.1,0.0,0.0,0.9,0.0,0.0,0.0,9.1,0.0,11.4,0.1,0.0,0.0,0.0,0.0,0.0,0.5,0.6,55.0,1.9,0.0,0.0,0.3,10.9,0.0,0.5,0.0,11.4,0.5,0.8,,0.0,,156.7
186,7,July,July_4,0.0,37.4,124.6,0.0,,0.0,17.9,0.0,18.8,0.0,34.5,0.0,0.0,0.1,0.0,0.1,10.0,1.3,0.0,6.5,0.0,0.0,0.0,35.0,0.1,21.3,0.1,0.0,0.0,0.0,0.4,0.0,0.0,0.1,8.4,0.0,0.0,0.0,1.6,0.0,13.7,2.1,21.7,0.3,0.7,1.9,0.3,,3.2,,362.1
187,7,July,July_5,0.2,0.0,0.0,22.4,,0.2,0.0,5.2,0.0,0.0,0.0,0.8,0.0,5.4,0.0,0.0,0.5,3.8,0.0,0.6,0.0,0.0,6.3,3.0,0.0,0.0,0.1,0.0,2.6,0.0,0.0,0.0,0.0,0.3,1.7,1.5,0.0,5.0,23.7,1.1,0.0,0.0,0.0,0.0,0.0,0.0,0.0,,48.1,,132.5
188,7,July,July_6,0.0,0.0,0.0,0.1,,0.0,0.0,2.1,0.0,0.0,0.0,0.0,0.0,0.2,29.0,4.0,0.3,0.0,0.8,0.4,2.0,9.4,0.1,0.0,12.9,4.8,0.0,0.0,0.0,0.0,47.1,0.0,0.0,0.0,4.6,2.4,0.0,9.8,0.0,0.0,0.0,14.5,0.0,0.0,0.1,46.5,0.8,,0.0,,191.9
189,7,July,July_7,2.8,0.0,0.0,76.1,,2.6,4.2,5.6,13.5,0.0,0.2,4.3,5.4,0.0,23.0,0.6,0.0,0.0,0.0,0.0,0.0,0.0,0.0,0.0,0.0,0.0,0.0,0.0,0.2,0.1,0.0,50.8,0.0,0.0,0.2,0.1,2.5,0.0,0.6,0.0,0.1,14.2,0.0,8.4,0.0,0.0,0.0,,0.0,,215.5
190,7,July,July_8,0.0,29.5,10.6,1.7,,7.0,0.1,0.0,0.1,1.7,64.9,0.0,0.0,0.0,0.1,3.4,0.0,12.1,0.0,3.6,12.3,2.2,0.0,0.2,10.7,30.7,0.0,4.3,0.0,0.0,0.0,0.0,0.0,0.0,0.0,0.0,0.0,0.0,0.0,0.0,0.0,0.0,38.7,0.3,0.1,9.9,0.0,,0.0,,244.2
191,7,July,July_9,0.2,0.0,0.0,0.0,,0.0,0.0,0.0,0.0,0.0,0.2,0.0,0.0,72.9,0.0,0.5,9.4,0.7,5.3,0.0,0.2,0.0,0.0,22.5,0.0,0.2,8.0,0.0,0.2,32.1,0.4,0.0,0.0,7.8,58.5,24.7,2.7,16.8,31.0,0.0,6.7,0.0,0.0,1.3,0.0,0.0,0.0,,21.4,,323.7
192,7,July,July_10,3.1,0.0,0.3,0.0,,0.0,0.3,0.0,0.0,0.0,0.0,4.6,0.0,2.9,0.0,0.0,0.0,0.2,0.0,60.4,0.0,39.6,0.0,0.3,0.2,0.0,0.0,0.0,1.4,0.1,0.2,6.2,0.0,45.1,0.0,10.1,9.8,18.6,1.5,1.2,0.0,0.0,0.0,0.0,0.0,0.0,0.1,,0.0,,206.2
193,7,July,July_11,0.0,0.2,0.0,4.5,,0.0,0.0,0.0,0.0,9.4,1.1,9.6,0.0,0.0,4.3,0.0,0.0,0.0,0.0,0.0,0.1,0.0,0.0,0.2,1.6,0.0,0.0,0.0,0.0,0.0,0.0,0.0,0.0,0.0,0.0,0.0,0.2,0.0,0.0,0.0,0.2,0.0,10.5,0.0,22.7,4.0,0.0,,0.3,,68.9
194,7,July,July_12,0.0,36.0,0.0,0.0,,0.0,0.0,0.0,14.8,0.0,6.2,14.9,3.1,3.3,0.2,8.9,0.0,32.5,2.0,2.9,0.0,35.0,0.0,6.9,0.0,0.0,26.1,3.1,35.1,0.5,1.6,0.0,0.9,0.0,0.0,0.0,0.2,0.1,0.0,0.0,22.4,0.2,0.0,0.0,0.0,0.0,0.0,,0.0,,256.9
195,7,July,July_13,0.1,0.0,93.9,0.0,,0.0,0.0,0.0,0.0,5.2,0.0,0.0,0.0,5.1,0.0,19.8,2.8,0.0,0.0,0.7,0.3,0.2,0.0,0.2,0.0,1.9,26.8,39.7,0.0,4.5,1.8,10.7,6.9,0.6,0.0,0.0,0.6,37.9,7.5,0.0,0.1,0.0,0.0,0.0,2.8,0.0,0.0,,0.4,,270.5
196,7,July,July_14,0.8,0.0,0.0,0.0,,0.0,5.4,23.7,0.0,0.0,0.1,0.0,0.0,0.3,0.0,0.0,1.4,8.2,2.2,0.0,0.3,0.1,8.2,0.2,0.0,0.0,0.1,78.6,22.8,0.1,0.0,0.0,0.0,0.0,0.2,0.0,0.0,0.0,0.0,29.1,0.0,0.0,0.2,0.0,0.1,0.0,0.0,,0.0,,182.1
197,7,July,July_15,1.4,1.8,5.0,0.2,,34.4,0.0,0.6,0.2,5.3,0.0,0.0,0.0,8.9,1.8,0.0,2.1,0.0,0.0,8.4,5.4,0.0,0.0,0.0,0.4,9.6,0.0,0.0,21.3,0.0,6.8,18.5,0.0,0.0,3.1,0.0,0.0,0.0,0.0,21.3,0.0,0.4,5.5,0.0,0.0,0.2,0.0,,0.0,,162.6
198,7,July,July_16,0.3,1.5,1.5,0.0,,0.0,0.0,0.0,0.0,11.1,0.0,0.0,2.7,1.4,0.0,0.0,1.0,0.0,0.4,0.2,1.2,0.0,3.3,32.4,1.3,0.4,8.9,0.5,0.0,39.9,0.0,0.0,25.4,0.0,5.7,58.9,0.0,27.3,0.2,0.0,5.2,4.3,0.0,10.5,10.1,0.6,1.2,,27.5,,284.9
199,7,July,July_17,0.0,0.4,0.0,0.0,,4.2,57.5,0.0,0.3,14.5,0.0,0.0,0.9,21.9,0.0,0.0,8.1,8.2,8.0,0.0,0.0,6.4,0.0,2.1,0.0,0.0,0.0,0.0,0.0,0.1,0.0,0.4,0.2,0.0,0.3,0.0,3.8,56.7,0.0,0.1,0.0,0.0,4.0,3.6,0.0,0.0,1.9,,0.0,,203.6
200,7,July,July_18,2.6,2.7,3.8,17.4,,18.4,2.9,26.6,0.1,1.4,17.7,12.5,0.2,0.0,4.3,0.2,0.0,0.2,0.1,7.7,0.0,3.0,51.6,0.0,1.2,0.0,16.2,0.0,0.0,0.0,0.0,1.4,0.0,0.3,0.2,0.2,14.5,0.3,8.8,0.1,2.8,19.0,1.7,5.2,0.0,0.8,0.7,,16.7,,263.5
201,7,July,July_19,0.0,0.0,0.2,0.0,,0.0,27.7,0.0,0.0,0.0,66.3,0.0,0.0,0.0,0.0,0.0,0.0,0.2,1.7,5.0,50.5,0.1,0.3,0.0,0.1,0.0,55.5,0.0,28.9,0.3,0.1,0.0,0.0,7.0,0.0,0.4,0.1,0.0,0.0,0.0,0.0,1.8,0.3,1.8,0.0,10.8,0.0,,0.0,,259.1
202,7,July,July_20,16.7,0.0,0.0,0.0,,0.0,2.2,0.0,25.5,0.0,0.8,3.9,16.4,0.0,0.0,10.1,0.3,0.0,4.4,0.1,0.0,15.0,0.0,45.2,0.0,0.0,0.2,0.0,1.1,22.3,36.6,0.0,3.6,3.0,8.1,0.0,0.0,1.1,0.0,0.0,0.0,0.0,0.0,0.0,0.0,0.0,1.2,,0.1,,217.9
203,7,July,July_21,10.4,0.0,0.0,0.0,,27.7,0.7,0.1,0.0,3.3,2.0,0.0,0.0,0.4,0.3,5.0,0.2,0.2,0.0,0.7,23.5,1.4,0.0,0.0,1.6,0.9,0.0,12.1,0.0,0.0,0.1,0.0,31.2,0.0,0.0,0.0,0.0,10.2,0.0,32.3,0.0,34.8,12.6,0.0,0.0,0.0,13.0,,0.0,,224.7
204,7,July,July_22,0.0,0.0,1.5,0.0,,0.0,0.2,0.0,0.0,0.2,0.0,0.1,17.6,0.0,9.5,0.1,20.0,0.0,2.7,4.4,0.1,0.0,5.6,0.1,0.0,0.8,0.0,0.0,0.9,0.0,0.0,0.0,0.4,0.0,0.0,0.1,0.0,0.0,0.4,0.0,0.0,0.3,0.0,18.4,0.0,1.6,0.0,,1.0,,86.0
205,7,July,July_23,8.3,0.0,0.0,0.3,,0.0,0.1,0.0,0.0,0.0,0.1,2.8,0.0,0.0,0.0,0.0,0.0,0.6,0.0,0.0,0.0,0.5,0.0,0.0,0.2,0.1,0.2,0.1,8.0,0.0,0.0,0.4,0.0,0.0,38.7,0.0,0.0,0.0,1.5,34.3,1.4,0.0,0.0,0.0,0.0,0.3,0.0,,15.6,,113.5
206,7,July,July_24,0.4,17.3,0.0,0.2,,0.9,0.0,0.0,0.0,25.0,3.6,0.0,0.0,0.0,1.2,0.0,0.0,4.1,0.0,21.4,0.2,3.1,0.0,0.0,59.3,6.7,0.0,0.0,0.3,28.4,0.0,2.0,0.0,0.5,0.0,1.6,47.2,12.3,2.0,0.0,0.0,0.2,6.6,0.1,0.0,1.6,11.7,,0.0,,257.9
207,7,July,July_25,17.9,0.0,0.0,12.2,,0.0,0.0,0.0,7.7,9.7,0.2,0.0,45.6,0.3,0.8,0.8,0.0,30.7,0.0,0.0,0.0,30.0,23.4,34.0,1.6,0.0,1.1,0.5,0.0,0.7,13.0,1.2,0.2,0.0,0.0,2.5,0.1,0.0,0.3,50.0,17.8,6.5,49.1,0.0,0.0,0.0,1.8,,0.0,,359.7
208,7,July,July_26,22.2,0.0,2.6,8.8,,0.0,0.0,0.0,0.0,0.2,0.0,1.2,0.1,12.1,0.0,15.9,0.0,0.0,5.8,0.4,0.4,0.0,0.0,0.0,0.0,0.0,5.9,6.8,0.0,0.1,0.2,0.0,0.0,0.0,14.2,2.2,0.1,3.0,25.0,0.2,0.3,0.0,0.0,18.5,1.1,35.6,19.8,,0.0,,202.7
209,7,July,July_27,2.6,6.2,0.7,21.0,,0.0,28.6,0.0,60.9,0.0,0.2,0.3,0.0,0.0,0.1,0.0,2.6,11.5,0.0,5.8,10.9,0.0,12.2,2.5,4.1,18.9,0.0,0.0,26.8,7.4,0.0,0.0,0.0,2.9,0.0,43.3,0.0,0.3,0.0,0.5,0.1,0.0,0.0,23.0,0.3,0.3,0.0,,0.0,,294.0
210,7,July,July_28,15.2,0.0,2.8,0.1,,0.0,0.0,3.7,0.4,0.0,12.7,0.0,0.2,18.1,0.0,21.3,40.0,0.0,1.4,0.0,0.0,10.5,0.2,0.0,8.2,0.2,0.0,6.4,0.4,3.8,0.0,0.3,0.0,0.0,0.0,0.0,0.0,0.0,0.0,0.0,7.2,0.0,0.3,0.1,0.0,0.0,5.1,,0.0,,158.6
211,7,July,July_29,0.0,0.0,0.0,1.6,,0.0,24.6,0.0,7.3,17.2,0.0,0.0,0.0,0.2,0.0,0.0,2.7,0.0,0.2,1.6,24.4,3.9,0.2,0.2,0.1,0.0,0.0,52.2,4.6,0.0,0.0,0.0,0.0,0.0,58.7,0.0,1.8,0.0,0.0,0.0,5.7,0.0,0.3,4.0,0.0,0.2,0.2,,11.2,,223.1
212,7,July,July_30,0.0,25.8,0.0,6.9,,0.0,0.2,0.0,0.1,0.0,3.1,0.0,0.3,0.0,12.2,51.4,0.0,0.0,0.0,0.0,9.0,0.1,7.9,0.0,0.0,12.5,18.5,0.0,6.2,0.0,0.0,1.2,10.5,0.0,0.2,0.0,12.0,7.6,0.1,0.0,8.1,0.0,0.0,0.2,0.4,0.0,6.4,,0.0,,200.9
213,7,July,July_31,0.0,4.9,0.0,16.9,,37.7,0.0,6.4,0.0,0.0,29.6,31.8,0.0,22.6,0.0,0.6,0.0,1.7,16.0,6.8,0.0,0.0,14.1,0.3,0.2,1.4,0.0,0.0,9.0,0.0,20.8,0.4,20.2,42.7,0.0,11.4,0.0,0.1,13.5,0.0,1.2,0.0,0.7,0.1,34.4,0.0,8.8,,0.1,,354.4
214,8,August,August_1,0.0,0.6,3.2,0.0,,0.0,0.8,2.5,0.0,0.0,0.5,0.0,0.0,0.1,0.0,0.0,1.2,0.2,17.8,6.8,0.0,32.4,12.4,0.0,0.0,0.0,0.0,0.6,11.9,0.0,1.3,0.0,0.0,0.2,0.5,0.0,0.0,0.0,4.5,,3.2,32.4,0.0,0.0,0.4,0.0,0.0,4.0,0.0,,137.5
215,8,August,August_2,0.2,0.0,3.8,0.0,,5.5,0.0,0.0,0.0,0.0,2.2,0.0,0.0,0.0,0.0,0.1,1.4,0.1,0.0,0.4,0.1,0.1,0.0,0.0,4.4,16.0,0.0,13.2,0.6,4.4,0.0,0.5,8.7,0.4,0.0,0.0,1.9,0.5,0.0,,8.1,0.0,0.0,15.3,0.0,0.0,0.0,0.0,6.1,,94.0
216,8,August,August_3,0.0,0.0,0.0,0.0,,0.0,0.5,0.0,39.4,0.7,4.1,0.0,0.0,3.4,0.0,0.0,0.0,4.5,0.5,0.0,6.9,0.0,17.8,44.7,1.1,4.7,4.2,2.0,0.2,0.0,0.0,0.7,0.0,7.7,0.4,0.9,1.9,0.0,1.0,,3.7,0.0,0.5,0.0,2.8,12.5,10.9,0.0,0.0,,177.7
217,8,August,August_4,0.0,0.0,2.8,9.9,,77.1,5.0,0.2,11.4,0.0,0.0,0.7,15.6,0.0,0.0,0.1,0.0,0.5,0.0,0.0,0.0,0.0,0.0,0.2,3.5,0.0,0.0,0.0,22.1,0.0,6.0,0.0,5.1,0.2,0.2,2.7,0.0,0.0,0.0,,1.5,0.0,0.0,16.4,75.8,0.3,1.5,0.0,0.0,,258.8
218,8,August,August_5,2.3,36.8,0.0,0.6,,0.1,0.0,0.0,0.0,0.0,0.0,0.0,0.0,0.0,0.0,10.2,0.0,0.0,0.0,4.7,10.3,5.2,67.0,0.0,0.0,16.6,0.3,0.0,0.0,20.2,0.0,1.8,0.3,30.2,0.1,0.1,0.0,4.2,0.1,,8.5,31.6,8.9,0.0,0.0,0.0,0.5,0.0,0.0,,260.6
219,8,August,August_6,0.0,0.0,7.5,0.0,,6.0,0.0,0.0,0.0,2.3,16.9,0.0,0.0,0.0,0.1,4.9,0.0,6.4,0.0,0.0,3.7,2.6,0.1,3.4,0.4,0.8,0.0,0.5,4.9,1.8,0.3,0.0,0.0,0.2,0.0,0.0,0.0,0.0,28.0,,8.5,0.0,0.0,8.9,58.6,4.4,0.3,1.3,20.1,,192.9
220,8,August,August_7,0.0,0.0,14.1,0.0,,0.0,15.4,0.0,0.0,0.0,0.0,5.7,0.0,0.0,0.3,4.3,5.7,0.2,5.1,0.1,0.3,3.6,0.0,0.0,0.0,3.9,0.0,0.0,0.0,0.0,22.5,10.4,0.0,35.0,0.3,1.0,2.5,0.0,27.8,,2.7,0.0,50.0,0.0,0.0,0.4,0.6,29.5,0.0,,241.4
221,8,August,August_8,7.2,0.0,0.0,3.5,,0.0,0.0,0.0,6.7,3.0,0.0,0.0,21.2,1.5,0.0,0.0,0.0,2.9,0.0,0.1,0.0,0.0,0.0,0.0,0.0,1.1,0.0,0.0,0.0,0.0,0.0,4.4,0.2,0.1,106.6,0.0,0.0,0.0,15.5,,14.0,3.8,0.0,0.4,0.0,0.0,0.0,0.0,47.1,,239.3
222,8,August,August_9,49.8,3.4,0.0,0.0,,0.0,2.1,10.3,0.0,0.0,0.0,0.0,3.1,9.3,0.7,7.3,3.8,0.0,11.2,0.0,6.1,1.1,8.1,0.7,4.2,19.8,0.0,0.0,7.0,48.0,0.5,0.0,6.8,0.0,0.1,0.0,2.7,1.6,0.1,,0.2,0.0,0.0,0.8,0.0,0.9,23.8,0.0,0.0,,233.5
223,8,August,August_10,1.0,6.3,0.0,0.2,,0.0,0.8,0.0,0.0,1.6,0.1,10.7,0.0,0.0,0.0,0.0,9.5,0.0,0.0,0.0,0.0,11.6,32.5,0.1,0.0,4.0,0.0,0.0,12.9,0.3,18.5,1.2,41.1,0.0,0.1,0.0,9.8,0.0,0.0,,9.7,0.0,0.0,25.5,0.0,6.8,0.0,15.9,2.7,,222.9
224,8,August,August_11,12.2,0.0,5.6,4.8,,16.9,0.8,0.0,0.0,0.0,126.4,9.4,0.0,21.3,105.6,0.8,0.0,0.5,2.2,8.8,0.0,3.8,0.0,0.0,12.0,0.0,1.1,3.8,7.2,0.0,0.0,0.0,1.0,36.1,0.0,0.0,0.2,29.6,0.0,,0.0,19.0,0.1,10.6,0.0,10.6,47.0,22.7,0.0,,520.1
225,8,August,August_12,11.2,0.0,5.6,0.0,,0.0,0.0,0.0,1.1,0.0,0.7,0.0,13.5,0.4,0.0,0.0,4.0,9.6,0.0,0.3,15.6,0.0,0.0,0.0,0.0,0.0,2.6,0.0,0.1,11.4,0.0,7.4,0.0,1.1,12.7,0.0,0.2,2.3,1.8,,41.8,0.0,0.0,0.0,5.4,21.5,0.4,0.0,0.4,,171.1
226,8,August,August_13,0.0,12.3,0.0,0.0,,1.3,0.2,0.0,0.0,8.9,1.8,0.0,0.0,0.0,0.0,14.3,0.0,14.1,13.9,0.0,0.0,0.0,2.9,1.6,18.8,0.0,5.6,0.0,0.0,0.2,29.2,1.4,0.2,0.0,25.3,0.1,0.6,0.0,1.0,,0.1,7.2,0.0,0.0,0.0,0.0,0.8,1.3,2.5,,165.6
227,8,August,August_14,1.2,11.5,1.9,0.0,,0.0,0.0,0.0,0.0,0.9,22.6,0.0,0.0,0.8,13.6,8.8,0.0,0.0,0.0,3.5,0.0,43.9,1.6,18.9,0.1,4.6,0.0,19.4,0.0,0.0,31.4,0.0,0.5,2.3,0.0,0.2,0.0,1.9,0.3,,0.2,45.7,10.4,0.0,65.8,8.0,0.3,54.5,0.0,,374.8
228,8,August,August_15,1.5,0.0,0.0,0.3,,0.0,0.0,0.4,4.7,0.0,0.0,3.5,7.2,63.2,0.0,0.3,0.0,0.0,0.2,3.5,2.2,0.7,0.4,11.8,0.0,0.2,0.0,2.3,0.6,0.3,0.0,0.0,0.0,0.0,0.0,0.0,0.0,1.1,0.0,,11.4,0.8,0.0,0.4,0.7,0.0,0.0,0.3,0.0,,118.0
229,8,August,August_16,0.0,0.0,86.4,0.0,,0.0,0.0,5.2,3.1,1.0,0.0,0.3,0.0,1.0,0.6,25.5,0.0,0.7,4.1,0.0,0.0,7.2,0.0,14.5,48.5,0.0,31.5,0.0,11.5,50.3,0.0,9.5,0.4,0.0,35.5,0.0,0.0,0.0,2.6,,45.3,0.1,1.2,0.0,0.0,0.0,0.3,0.0,35.3,,421.6
230,8,August,August_17,0.0,1.5,0.0,2.4,,24.5,9.0,0.0,0.0,81.1,0.0,0.0,0.5,0.0,3.3,0.6,0.0,0.0,0.0,0.2,0.0,0.3,0.1,82.2,3.4,23.6,0.2,0.5,0.4,0.2,18.5,0.2,0.0,1.1,13.9,8.6,3.8,5.6,4.6,,4.6,0.0,0.0,0.0,1.0,0.0,0.0,0.0,0.3,,296.2
231,8,August,August_18,0.0,7.9,3.0,0.0,,0.0,0.0,0.1,0.0,0.0,0.0,0.0,0.9,1.1,0.2,0.5,2.4,0.3,13.6,11.5,0.0,0.0,0.1,4.9,0.2,0.0,0.0,0.5,10.8,0.0,1.3,16.2,0.0,0.2,0.0,0.0,14.5,0.0,0.0,,0.0,2.2,0.1,0.0,0.0,0.2,22.5,6.4,0.2,,121.8
232,8,August,August_19,0.0,0.0,0.0,12.6,,0.0,0.0,0.0,0.1,0.0,0.0,24.4,0.0,42.7,0.0,0.7,0.0,14.5,0.2,0.2,57.7,4.5,16.3,0.4,0.5,2.5,25.1,0.0,15.7,1.6,0.1,0.5,2.8,0.6,10.6,5.8,0.1,0.0,12.2,,0.0,2.3,7.2,0.2,5.6,11.6,0.0,5.4,0.8,,285.5
233,8,August,August_20,1.1,2.7,27.3,4.8,,14.6,0.0,0.6,8.3,1.6,0.0,0.0,0.0,0.0,0.1,2.0,0.0,23.2,0.2,0.7,0.2,0.3,0.0,0.0,0.0,0.0,36.4,0.0,0.0,0.0,0.0,0.0,0.0,0.0,0.0,0.2,0.0,0.0,0.0,,27.3,2.5,7.2,0.0,12.7,0.0,0.2,0.9,0.8,,175.9
234,8,August,August_21,0.0,0.0,0.0,1.1,,0.0,2.9,35.8,0.0,0.0,0.0,2.9,10.3,0.0,0.3,0.0,2.1,0.0,15.6,0.0,0.0,0.5,0.0,36.2,30.0,1.1,0.2,0.0,17.6,0.2,1.3,44.1,0.2,0.0,0.6,4.8,0.0,0.0,0.0,,0.0,0.0,0.1,0.0,0.0,0.0,0.1,0.2,0.3,,208.5
235,8,August,August_22,0.6,18.6,0.0,4.0,,6.4,0.0,0.0,0.0,0.2,2.0,0.0,6.6,0.0,20.2,6.2,1.0,0.8,0.0,9.4,37.3,15.0,0.0,0.0,0.0,0.0,0.0,7.4,0.0,0.0,0.0,0.7,0.0,24.6,0.0,0.1,0.0,0.0,1.3,,0.0,0.0,2.0,0.0,0.0,0.0,0.1,3.8,0.0,,168.3
236,8,August,August_23,0.1,4.4,0.0,0.3,,10.2,49.2,21.2,0.4,0.0,30.9,0.0,0.1,1.7,0.7,0.0,0.9,6.1,0.0,1.1,0.0,0.1,4.5,0.0,0.0,7.1,1.8,42.8,0.1,0.0,0.0,0.0,7.2,0.1,0.0,0.0,0.0,0.0,29.7,,0.0,0.7,0.0,1.7,71.8,7.6,0.3,19.7,0.0,,322.5
237,8,August,August_24,3.1,0.0,1.5,18.1,,0.0,0.0,0.0,0.0,0.0,0.1,42.6,0.0,13.0,0.0,2.6,0.0,0.7,4.2,0.6,0.0,0.0,0.0,1.2,94.2,30.6,0.0,0.0,4.6,1.0,0.0,0.2,0.0,0.0,0.0,2.9,47.2,0.0,0.0,,10.0,0.0,11.5,0.0,0.2,2.2,1.6,0.0,3.2,,297.1
238,8,August,August_25,16.1,5.1,1.1,0.0,,0.9,18.7,0.1,18.0,0.0,1.6,0.0,0.0,0.0,1.5,2.9,8.3,0.0,0.0,0.0,4.8,11.2,0.1,0.0,0.0,0.0,6.3,15.5,0.0,0.0,2.1,0.0,59.0,0.2,0.0,53.4,0.1,9.0,0.2,,34.4,10.8,0.8,62.2,0.0,0.5,4.7,5.6,21.0,,376.2
239,8,August,August_26,15.9,0.0,4.7,0.0,,4.9,13.9,2.6,0.0,0.1,0.0,0.0,1.0,0.0,0.0,5.7,0.0,0.3,4.0,0.0,0.0,12.6,0.1,13.4,8.8,0.7,11.0,1.9,0.0,53.2,3.7,0.0,0.0,0.7,0.5,0.7,0.1,10.7,0.0,,0.0,0.3,7.0,0.0,0.0,0.0,1.1,0.0,0.0,,179.6
240,8,August,August_27,0.0,2.8,26.1,17.0,,0.8,0.0,0.0,22.2,13.8,10.7,0.0,6.2,0.0,1.7,0.4,0.0,0.1,6.0,37.0,8.0,1.6,0.3,1.1,0.0,0.0,9.8,0.2,40.1,5.9,0.0,0.9,0.0,16.1,5.8,1.7,0.0,1.0,0.0,,0.0,0.0,77.3,0.2,0.0,4.2,12.0,25.5,16.0,,372.5
241,8,August,August_28,95.9,40.8,0.3,0.2,,0.0,0.0,0.0,0.0,3.8,0.0,0.0,0.0,0.0,0.0,0.0,0.2,6.9,0.0,3.3,0.0,0.7,0.0,0.4,51.2,69.7,4.7,0.5,0.2,0.0,0.1,0.3,22.7,0.3,0.0,0.0,0.0,0.0,65.4,,0.1,6.5,0.1,0.0,0.0,2.4,0.0,0.0,0.0,,376.7
242,8,August,August_29,0.0,1.6,0.0,0.0,,0.0,0.0,0.0,0.6,0.3,0.0,1.9,5.3,0.1,41.5,8.0,0.0,0.0,4.9,0.0,2.2,4.7,0.0,1.5,4.4,0.0,0.0,1.0,0.0,39.7,0.4,35.6,8.7,5.3,0.0,0.0,1.8,0.1,0.3,,125.0,6.3,11.7,0.0,6.5,0.0,0.0,7.4,3.0,,329.8
243,8,August,August_30,0.4,0.0,15.0,16.4,,0.0,25.7,0.0,0.0,6.5,10.0,0.0,0.0,26.4,7.5,6.1,43.9,0.1,0.1,25.2,12.7,13.4,0.1,2.1,0.8,0.0,0.0,1.5,0.0,1.3,0.0,0.2,10.9,31.4,0.0,9.0,12.0,2.8,0.0,,23.2,0.0,0.0,0.0,0.0,5.8,0.0,0.0,0.0,,310.5
244,8,August,August_31,6.6,1.9,0.5,13.1,,13.7,0.0,13.9,32.9,0.6,0.2,0.0,0.0,4.0,0.0,18.5,0.0,15.7,0.0,0.0,0.0,0.0,0.0,0.0,0.0,29.0,0.0,0.6,0.0,28.8,0.0,4.6,9.0,16.7,3.8,0.0,0.0,0.4,1.2,,0.0,0.0,3.6,0.0,0.0,0.0,27.1,0.0,5.3,,251.7
245,9,September,September_1,7.1,0.5,0.0,0.0,,2.9,0.5,1.7,0.0,0.8,3.5,0.0,8.6,0.0,12.4,0.0,0.0,0.7,0.0,0.0,0.0,0.0,0.0,0.0,0.0,3.2,67.4,48.9,0.0,0.0,0.0,0.0,0.2,0.0,3.6,0.0,20.8,17.6,0.3,0.9,0.0,21.7,26.0,0.0,0.0,68.3,0.7,0.0,0.0,,318.3
246,9,September,September_2,0.6,12.5,0.0,0.8,,0.1,7.8,0.0,2.3,30.2,1.0,0.0,0.0,0.1,0.0,0.0,0.0,0.0,36.4,4.8,38.2,0.0,0.0,0.5,72.2,0.0,0.0,0.0,18.2,11.7,21.5,27.7,67.9,51.4,0.0,19.9,0.4,0.0,0.0,12.9,0.0,0.0,0.2,10.5,15.6,0.0,0.2,36.2,62.9,,564.7
247,9,September,September_3,0.0,35.2,0.0,0.0,,0.0,0.0,0.0,72.3,0.0,0.0,0.0,18.3,2.8,0.0,2.4,2.5,2.6,0.0,1.3,1.4,1.1,34.0,0.0,0.0,95.2,0.2,6.0,0.1,32.5,1.5,1.0,0.0,13.7,0.0,0.0,0.2,2.1,0.0,0.0,51.4,4.9,89.4,6.9,0.2,4.5,0.3,0.2,0.1,,484.3
248,9,September,September_4,0.0,0.0,0.0,0.0,,0.1,0.0,4.6,0.0,25.2,0.0,0.0,0.1,0.0,2.5,0.2,3.3,0.3,18.4,0.0,1.0,0.0,5.3,1.6,19.7,1.5,0.3,4.1,0.3,8.1,0.0,0.0,0.0,0.0,0.0,0.0,0.0,27.2,7.6,0.1,0.0,0.1,3.0,0.0,8.4,9.9,0.0,0.3,0.8,,154.0
249,9,September,September_5,14.4,0.0,5.1,0.0,,0.0,65.9,0.0,39.3,3.8,2.8,0.0,29.0,0.0,2.4,1.0,0.0,0.0,7.5,0.0,8.5,0.0,0.1,1.4,0.4,0.3,0.2,0.0,0.0,0.8,0.0,9.0,0.0,1.6,17.0,0.0,21.4,34.5,0.0,0.0,0.0,0.0,11.4,2.7,1.2,27.9,0.0,45.6,0.5,,355.7
250,9,September,September_6,0.0,37.3,6.5,0.5,,0.0,0.2,24.6,0.0,0.2,2.3,5.2,0.3,33.6,12.8,0.1,0.0,0.0,2.7,0.0,0.0,13.7,0.4,2.3,0.0,10.0,44.2,0.0,8.0,0.2,29.8,0.0,0.7,0.0,0.0,0.0,2.5,0.0,0.9,0.9,0.0,5.9,30.2,10.1,0.0,0.0,17.0,0.0,2.1,,305.2
251,9,September,September_7,2.1,0.0,1.1,17.0,,0.0,35.0,6.7,0.0,7.3,0.0,14.5,0.1,0.0,2.4,5.6,0.2,0.1,1.1,0.0,36.6,1.9,68.5,0.0,0.0,0.0,0.1,0.0,3.3,0.0,0.4,0.0,2.4,8.1,0.0,0.0,4.3,6.4,0.2,1.1,30.2,0.0,14.0,0.1,0.0,0.0,0.0,0.0,52.2,,323.0
252,9,September,September_8,0.5,0.0,0.0,0.0,,0.0,3.6,0.4,0.0,29.3,0.0,4.2,42.2,38.5,2.6,38.9,2.7,8.2,7.5,19.1,0.3,0.0,1.9,0.0,27.2,0.0,0.0,3.5,0.0,20.4,0.2,0.0,0.0,0.0,0.1,59.5,0.0,0.0,0.0,0.8,0.1,0.0,0.1,9.3,0.0,15.2,0.0,7.6,0.0,,343.9
253,9,September,September_9,8.2,0.0,7.1,17.8,,24.2,0.0,17.7,23.5,0.6,0.0,0.1,34.8,0.7,0.0,0.1,8.3,0.3,0.1,0.0,2.8,0.0,0.1,0.0,2.1,0.0,8.6,0.0,0.0,0.0,0.0,0.0,0.0,1.7,2.2,0.0,0.1,31.8,0.0,3.0,7.5,18.9,48.3,2.3,0.0,0.4,29.2,0.0,54.5,,357.0
254,9,September,September_10,0.0,0.0,0.0,0.1,,0.0,10.9,0.0,0.0,3.5,3.6,5.5,0.0,6.7,0.0,0.0,54.3,0.5,1.9,0.0,0.3,1.3,60.8,1.1,0.0,7.4,5.3,30.2,0.3,2.6,0.0,45.3,0.0,16.2,7.7,0.0,0.0,0.1,4.3,0.0,7.4,0.0,0.0,17.8,0.7,0.2,0.0,0.0,0.2,,296.2
255,9,September,September_11,9.4,0.5,7.5,6.4,,0.0,3.2,0.0,0.0,0.1,5.3,0.0,0.0,1.6,1.1,0.0,5.2,0.6,0.2,33.5,0.0,7.2,10.4,0.3,1.2,0.0,0.0,27.2,9.3,0.0,0.0,0.1,0.0,0.0,0.7,0.1,3.8,0.2,6.6,16.1,0.0,0.0,0.0,0.0,0.0,0.0,4.4,0.6,1.2,,164.0
256,9,September,September_12,0.3,1.6,0.0,1.1,,0.0,0.2,1.6,35.3,4.5,10.2,0.0,0.0,1.4,2.9,5.4,13.9,0.0,0.0,4.7,0.0,21.0,0.0,0.0,34.8,0.1,6.9,0.0,2.6,1.2,0.3,36.5,1.9,0.0,6.4,0.0,0.3,0.0,46.0,11.9,1.5,0.6,5.4,0.2,3.5,29.7,1.5,0.0,0.4,,295.8
257,9,September,September_13,21.3,0.0,25.8,0.0,,0.0,0.0,0.0,0.0,0.0,0.0,1.4,39.1,12.3,5.0,0.0,1.9,0.0,43.7,0.0,0.0,0.0,6.8,1.1,0.0,0.6,0.0,4.7,0.0,0.0,13.4,4.7,1.1,80.9,34.1,0.0,0.0,0.8,1.7,2.8,0.0,0.0,0.0,0.0,0.0,0.0,13.5,0.0,0.0,,316.7
258,9,September,September_14,9.7,15.3,2.9,0.0,,0.1,0.3,0.1,0.0,2.1,10.7,15.4,0.0,8.7,10.1,0.0,9.0,6.2,1.8,22.5,2.8,0.0,0.0,3.0,42.0,0.2,30.5,0.0,0.0,0.9,0.0,34.3,0.0,0.4,1.2,11.4,0.0,0.0,0.0,0.0,0.4,44.6,49.7,3.9,0.0,0.0,0.1,0.0,46.5,,386.8
259,9,September,September_15,0.0,0.0,0.0,0.0,,7.4,14.8,0.0,51.0,0.2,2.0,2.5,0.0,0.0,11.9,0.0,29.1,35.4,0.0,0.1,31.6,0.0,0.9,6.1,6.8,15.4,0.0,0.0,0.0,0.6,0.0,11.9,0.0,0.0,0.0,0.0,3.4,0.0,13.3,30.0,38.1,13.5,0.7,0.0,0.0,9.1,0.0,0.0,0.0,,335.8
260,9,September,September_16,14.4,0.9,0.6,0.2,,11.1,0.0,31.6,4.4,0.0,18.4,0.5,16.4,0.1,0.0,12.9,0.0,2.0,0.0,26.1,2.3,5.1,0.1,0.0,0.0,0.0,4.0,0.0,36.8,0.2,11.5,4.4,0.0,0.0,0.4,10.7,6.3,0.7,0.0,26.8,0.0,0.5,0.8,19.0,2.1,5.7,2.0,57.6,94.7,,431.3
261,9,September,September_17,10.3,0.0,0.8,0.0,,0.0,2.6,0.0,0.1,0.3,0.0,32.1,0.9,0.0,16.6,4.4,0.0,0.0,0.0,36.2,8.6,22.0,0.2,14.8,6.8,0.0,3.2,4.7,0.0,0.0,0.0,0.0,0.0,28.9,17.6,0.1,52.0,17.5,5.8,0.1,0.0,34.2,41.5,0.0,6.1,0.0,1.5,0.0,0.1,,370.0
262,9,September,September_18,0.1,4.5,0.0,0.0,,0.0,22.5,0.6,0.0,0.0,19.2,13.8,0.0,29.6,0.0,1.0,0.4,0.0,0.0,0.0,0.0,8.0,0.0,7.3,1.9,37.4,24.7,41.7,0.0,0.6,0.2,0.0,0.0,56.4,38.1,0.0,0.0,0.2,0.0,0.4,6.3,0.0,96.5,4.3,0.0,82.3,53.6,0.0,0.0,,551.6
263,9,September,September_19,12.8,0.2,6.8,5.9,,15.8,11.2,0.0,0.0,4.8,0.1,0.0,0.0,0.0,6.5,29.0,5.3,0.0,1.0,2.6,37.7,36.8,0.0,11.1,12.9,6.4,0.0,0.0,0.0,0.0,0.0,15.0,2.3,0.0,0.1,0.0,0.0,15.3,0.0,0.3,0.0,8.1,0.0,0.1,1.8,0.0,0.5,0.0,18.7,,269.1
264,9,September,September_20,40.2,0.0,24.6,4.6,,4.0,0.0,65.1,7.9,8.3,0.0,0.0,0.0,3.6,122.5,0.0,0.0,3.9,28.2,2.7,0.0,7.3,2.1,0.2,0.0,0.0,0.0,0.0,1.4,3.3,22.7,0.0,12.8,2.3,0.0,0.0,39.0,12.9,0.6,11.0,0.0,0.0,0.0,0.0,0.0,0.0,18.0,0.0,23.9,,473.1
265,9,September,September_21,0.0,0.0,11.7,7.2,,9.8,1.5,3.7,47.3,0.0,47.3,7.5,1.3,6.2,0.0,11.7,25.7,29.2,4.2,0.0,5.3,0.0,13.2,9.2,0.0,0.0,28.8,24.9,13.8,0.0,0.0,16.0,0.0,24.6,0.0,0.0,0.0,15.3,0.0,0.4,0.5,0.0,20.9,21.4,14.7,4.6,6.9,0.0,0.0,,434.8
266,9,September,September_22,19.1,0.0,0.0,0.0,,1.4,0.0,5.3,5.9,6.2,0.0,0.0,0.0,1.8,14.3,0.0,0.0,0.0,38.5,19.2,0.0,0.0,4.7,0.0,0.5,4.5,0.2,43.1,0.0,0.0,0.0,14.9,10.3,0.0,1.5,2.6,5.4,0.0,3.1,0.1,0.0,2.3,0.0,0.1,0.0,2.3,0.0,0.0,0.0,,207.3
267,9,September,September_23,6.3,0.0,15.3,1.5,,0.0,12.8,0.4,22.2,42.0,0.0,0.0,44.0,0.4,0.0,0.6,2.4,4.2,0.0,4.1,9.3,0.0,0.0,0.4,33.1,16.3,0.0,0.0,0.0,2.3,0.0,0.0,0.0,2.5,1.6,0.0,0.0,0.1,0.0,17.3,0.7,0.0,0.0,5.5,2.3,1.2,0.7,14.0,5.5,,269.0
268,9,September,September_24,4.7,1.1,5.8,20.7,,23.7,0.0,0.0,0.2,12.6,0.0,39.2,21.1,10.0,0.0,0.0,8.6,0.0,0.0,0.4,0.1,14.3,8.2,32.2,11.3,0.0,8.1,0.0,1.2,0.2,0.0,0.0,0.0,1.0,14.1,0.4,9.9,0.0,0.0,0.0,16.3,0.3,0.0,2.0,3.2,1.5,0.3,1.7,3.1,,277.5
269,9,September,September_25,43.5,3.4,3.6,3.3,,0.7,2.2,13.8,5.7,0.0,0.0,0.0,0.0,55.7,44.8,1.3,16.6,0.2,0.0,0.6,0.0,1.6,20.2,1.2,0.0,9.2,0.2,19.0,0.7,10.9,0.0,0.0,0.0,0.3,0.0,40.2,0.0,0.0,7.8,0.0,0.0,9.4,0.0,0.0,13.3,19.6,0.2,0.0,27.1,,376.3
270,9,September,September_26,1.1,0.2,0.1,0.0,,0.0,12.3,0.7,22.6,0.0,1.3,0.0,1.0,0.0,0.0,0.0,12.0,0.9,0.2,0.0,7.7,0.0,0.0,0.1,0.0,0.0,4.5,0.4,5.3,5.7,20.2,26.4,0.0,0.4,0.2,0.2,30.4,0.2,3.7,0.0,0.6,0.5,0.4,0.0,0.0,0.2,0.1,0.0,3.9,,163.5
271,9,September,September_27,18.5,18.4,5.5,1.8,,24.6,2.4,2.4,0.0,1.8,0.0,0.0,1.6,24.3,32.4,28.1,3.0,6.4,0.0,41.6,10.3,15.8,0.0,21.6,0.0,0.0,0.0,0.0,0.0,3.0,10.9,0.0,12.6,4.7,0.0,0.0,0.0,0.8,0.0,4.4,12.7,11.2,16.5,0.0,0.0,0.0,1.6,0.0,1.5,,340.4
272,9,September,September_28,0.0,0.0,1.1,1.1,,0.4,29.8,0.0,3.5,19.4,2.9,0.0,5.9,0.1,0.0,4.6,0.0,0.0,24.2,0.3,0.1,0.0,6.2,0.2,0.0,7.0,0.2,82.9,2.1,0.7,0.0,15.3,0.0,28.6,13.0,64.5,0.7,1.3,0.4,1.8,0.2,0.0,0.0,93.5,0.0,3.1,1.7,20.5,1.7,,439.0
273,9,September,September_29,33.5,0.0,10.3,12.9,,0.0,0.0,0.0,0.0,3.0,0.0,0.5,0.1,0.1,0.3,0.0,0.0,0.1,10.5,0.5,19.4,0.0,26.4,0.0,0.1,0.4,0.0,1.8,5.1,0.0,0.0,0.2,7.2,0.7,26.5,1.3,1.0,0.1,0.0,0.0,0.0,2.4,0.0,0.3,0.0,10.8,0.2,0.0,0.0,,175.7
274,9,September,September_30,15.4,0.0,1.0,0.0,,0.1,4.8,21.6,3.0,0.0,8.8,9.5,0.0,24.2,0.0,42.7,0.7,28.4,0.0,0.1,0.0,0.3,1.8,0.0,0.0,113.8,7.3,1.5,0.0,0.0,0.0,0.0,0.0,2.5,0.0,0.0,10.5,0.0,6.1,24.9,0.0,0.0,23.6,0.0,36.2,0.0,13.5,15.0,0.2,,417.5
275,10,October,October_1,0.0,0.0,0.0,2.3,4.2,0.0,15.8,26.0,0.7,0.0,34.2,1.2,0.0,0.0,33.8,3.5,9.3,0.0,0.0,0.2,0.2,15.5,0.0,33.3,13.3,0.0,0.8,2.0,9.4,3.3,0.0,19.1,0.0,0.0,0.0,38.0,0.0,,0.8,44.1,20.7,2.2,25.2,0.4,0.0,0.0,1.6,0.3,0.0,,361.4
276,10,October,October_2,0.0,0.0,0.0,0.0,1.6,0.0,0.0,26.9,1.8,5.2,0.0,16.0,0.0,11.0,2.9,0.1,0.7,0.0,5.7,3.0,2.6,0.2,13.2,0.0,1.8,0.0,7.0,20.3,8.1,3.8,13.5,0.0,1.4,12.2,0.0,0.0,7.7,,22.1,0.0,22.2,0.0,0.0,0.0,0.0,0.0,1.1,0.2,0.5,,212.8
277,10,October,October_3,0.0,0.9,28.9,0.0,0.0,14.8,0.0,0.0,14.0,1.2,0.0,0.0,0.0,0.0,0.1,0.2,0.0,0.0,0.0,18.4,0.0,30.0,56.2,18.3,4.6,17.7,0.0,0.0,1.7,0.0,0.0,0.0,0.0,0.0,5.0,17.8,0.1,,50.9,0.0,0.0,0.0,0.0,5.2,12.5,1.1,2.2,0.0,0.0,,301.8
278,10,October,October_4,1.0,18.4,1.5,15.8,2.5,0.0,0.0,12.3,4.6,3.3,0.0,0.0,29.1,41.6,0.0,0.0,0.0,2.2,13.3,5.8,0.0,0.2,0.0,0.0,0.0,0.0,0.0,0.0,0.0,1.5,0.0,36.2,0.0,21.9,0.0,6.2,0.6,,0.2,2.0,0.7,1.5,5.4,26.5,25.0,0.0,45.4,0.1,61.3,,386.1
279,10,October,October_5,0.0,0.0,0.0,0.0,0.7,0.0,29.5,22.6,0.0,0.0,7.6,0.0,21.3,9.0,0.0,0.0,0.0,0.0,11.5,0.1,0.0,0.0,30.5,29.2,19.0,11.5,0.6,27.4,32.4,11.0,0.0,0.5,0.2,0.0,0.0,0.1,4.4,,14.7,0.0,0.0,6.8,1.0,0.0,0.5,0.0,0.3,0.0,0.0,,292.4
280,10,October,October_6,0.4,70.0,0.0,0.0,3.6,0.5,0.0,0.0,0.1,5.6,0.0,21.4,0.0,0.0,0.0,27.8,0.0,11.9,0.0,3.9,6.9,0.1,3.7,0.0,18.1,0.0,0.0,9.0,22.9,0.0,14.4,0.0,0.0,12.4,3.5,0.2,15.7,,0.4,17.5,0.0,1.2,2.3,1.2,42.4,22.2,18.8,0.0,1.5,,359.6
281,10,October,October_7,0.1,0.0,0.0,8.4,2.3,0.5,4.8,25.3,0.0,0.0,35.0,5.2,0.0,0.2,0.5,0.0,5.2,8.7,16.5,12.4,14.6,0.4,0.7,14.4,0.0,0.0,11.8,0.0,0.2,0.0,0.0,0.2,0.0,0.0,40.4,1.1,0.0,,0.1,20.3,0.0,0.0,0.0,0.0,1.1,0.0,0.1,0.0,0.0,,230.5
282,10,October,October_8,0.0,2.3,0.0,11.8,0.6,0.0,4.5,0.0,0.2,0.0,16.5,0.0,14.1,0.0,0.0,0.0,12.7,0.5,0.2,6.8,0.0,26.6,5.4,0.0,0.2,0.0,0.0,0.1,0.0,0.0,3.7,3.4,0.0,0.0,0.2,0.0,11.9,,45.8,0.0,1.1,18.6,0.0,16.5,0.0,0.0,5.2,33.7,0.0,,242.6
283,10,October,October_9,0.0,0.0,0.0,0.0,0.0,0.0,0.0,3.3,0.0,0.0,26.8,0.4,0.0,0.0,3.3,0.0,0.5,2.6,14.3,0.2,44.0,0.2,0.0,0.4,4.6,0.9,0.0,13.1,0.0,1.3,0.0,0.2,0.0,9.0,0.0,8.6,0.5,,0.0,6.0,30.6,0.7,16.6,1.6,4.3,0.5,60.9,0.0,0.0,,255.4
284,10,October,October_10,1.3,0.0,0.0,0.0,0.0,3.8,5.1,46.2,0.5,10.5,6.0,0.0,13.9,0.7,1.5,0.0,7.9,0.0,3.8,0.1,0.0,19.4,0.1,0.0,0.0,0.0,0.0,7.1,2.2,0.0,32.2,0.0,0.0,0.4,0.0,0.0,0.0,,0.4,4.6,0.3,19.0,10.1,0.0,0.0,0.0,0.1,0.0,0.3,,197.5
285,10,October,October_11,0.5,10.6,0.0,41.5,15.8,0.0,0.1,0.0,0.0,0.0,5.9,7.4,0.6,0.0,0.0,7.1,6.6,1.0,0.0,0.0,0.0,0.0,0.0,0.0,0.3,7.4,4.8,0.0,50.7,1.0,0.5,7.3,20.9,0.0,13.3,5.6,0.0,,0.7,14.1,0.0,0.3,0.0,10.4,14.1,0.0,0.1,13.0,15.1,,276.7
286,10,October,October_12,1.5,1.7,0.0,0.0,0.0,2.2,1.1,0.0,0.1,20.0,0.2,0.0,4.2,12.4,0.0,2.2,0.0,7.7,0.0,0.0,0.6,14.3,12.4,8.6,24.0,0.0,36.4,5.2,0.0,9.3,18.5,0.4,0.0,31.3,0.0,0.2,0.0,,0.0,1.2,2.3,35.8,0.0,0.0,53.8,0.0,6.6,0.0,0.0,,314.2
287,10,October,October_13,28.3,0.9,19.6,32.2,26.9,11.4,1.7,0.0,0.0,0.0,0.7,19.2,0.5,0.0,16.1,0.0,0.2,4.6,2.1,31.8,0.1,66.6,0.0,0.1,11.8,0.0,0.1,0.1,3.4,0.0,2.6,0.0,0.0,3.4,0.0,33.9,29.3,,8.2,0.0,0.6,53.3,0.5,0.0,0.0,0.0,0.0,19.3,8.6,,438.1
288,10,October,October_14,0.3,15.2,0.0,16.2,14.4,47.4,0.0,0.0,0.0,10.0,3.8,1.0,0.1,2.6,3.5,1.9,0.0,10.8,0.0,0.2,15.4,6.6,0.0,0.0,0.0,4.2,1.6,0.0,0.0,0.0,0.0,0.6,0.0,6.4,46.0,0.5,0.0,,0.3,3.8,76.4,0.0,0.0,3.9,0.0,0.8,90.2,0.3,46.9,,431.3
289,10,October,October_15,0.3,1.7,0.0,16.8,19.4,1.2,4.6,14.9,3.3,0.0,0.4,0.0,0.8,0.0,1.2,63.1,51.9,0.5,18.8,0.0,4.5,51.1,6.3,0.0,33.3,0.0,27.1,30.3,7.1,0.0,0.0,0.7,0.0,4.7,0.0,4.5,5.5,,0.7,0.0,0.0,0.7,16.6,4.8,0.5,27.5,0.0,0.0,0.4,,425.2
290,10,October,October_16,0.0,0.0,0.9,53.5,0.1,21.6,25.2,0.0,6.8,0.0,1.8,0.0,19.5,56.2,5.8,6.3,0.5,1.2,0.1,78.2,0.0,12.4,30.6,3.5,1.4,35.4,0.0,0.9,1.7,23.0,45.4,0.0,0.0,0.0,0.0,2.4,67.2,,8.2,0.0,6.9,13.0,1.0,0.0,53.7,0.0,0.3,19.9,1.4,,606.0
291,10,October,October_17,5.1,0.3,8.5,10.6,1.1,7.7,0.2,1.6,0.0,13.3,0.0,4.2,0.0,4.1,0.0,1.2,0.0,6.5,0.0,0.7,2.5,43.6,0.0,0.2,19.4,16.0,24.0,0.0,10.7,1.2,0.0,2.3,19.3,0.0,32.4,0.0,0.0,,0.0,1.5,10.3,0.3,0.0,0.0,0.2,16.2,7.6,0.0,0.5,,273.3
292,10,October,October_18,0.0,7.2,14.9,1.4,50.2,22.6,0.8,14.4,5.7,0.1,4.6,1.9,59.5,0.2,0.2,27.9,5.3,11.5,21.8,27.8,0.0,0.1,0.0,0.0,4.2,2.2,8.4,7.8,18.9,14.2,0.2,0.0,0.8,7.1,0.0,37.2,7.9,,0.0,3.7,0.3,10.2,7.0,13.0,2.4,0.5,0.4,0.0,0.0,,424.5
293,10,October,October_19,4.9,24.7,0.0,0.0,1.6,6.5,4.0,5.0,0.0,2.2,9.9,0.4,11.4,0.0,3.4,0.0,0.0,0.0,0.0,0.2,12.6,0.9,11.2,7.7,0.0,6.0,0.0,48.0,0.0,0.0,7.1,14.1,0.2,2.6,0.0,0.1,0.1,,0.0,9.0,0.0,11.2,1.1,21.2,0.4,0.0,28.4,48.3,2.0,,306.4
294,10,October,October_20,0.1,0.0,20.2,6.0,6.6,3.1,7.9,0.1,4.4,0.0,0.8,0.7,2.4,34.3,41.8,0.0,0.0,0.0,0.0,0.0,0.3,9.3,4.7,0.0,30.1,0.0,30.1,25.8,1.6,0.2,0.0,1.0,0.0,1.7,19.5,0.0,2.3,,50.4,24.7,0.6,0.0,0.0,0.3,0.0,4.0,1.0,0.0,0.3,,336.3
295,10,October,October_21,5.4,1.4,0.0,0.0,1.1,0.0,38.6,20.8,9.1,0.9,0.0,87.2,2.3,5.5,0.0,19.2,0.0,4.3,12.5,0.2,2.2,99.4,0.0,6.6,18.1,0.0,0.0,4.4,3.7,39.4,0.0,0.2,23.0,0.0,0.8,0.9,1.0,,0.0,23.4,0.0,0.0,0.8,0.0,0.6,19.2,0.1,1.2,0.2,,453.7
296,10,October,October_22,0.0,1.8,0.0,0.0,2.2,4.0,7.0,2.1,0.0,6.6,0.0,10.5,0.0,42.4,0.0,0.0,0.0,0.8,10.7,0.7,22.2,1.1,0.0,0.0,7.0,10.5,71.4,0.8,0.0,0.2,11.3,47.2,34.5,5.8,0.0,28.4,0.0,,6.5,2.1,10.0,23.4,0.0,0.0,6.9,0.8,5.8,32.8,4.8,,422.3
297,10,October,October_23,34.0,0.0,0.0,16.8,0.3,1.9,60.4,2.3,1.7,0.1,38.2,1.9,4.3,0.0,85.0,2.8,0.0,1.4,0.2,0.0,15.0,52.0,5.8,0.0,0.0,0.0,31.5,11.7,34.5,0.2,0.4,0.2,0.0,0.7,0.0,0.0,17.7,,0.0,0.0,0.2,0.0,93.8,0.0,0.2,0.0,0.0,0.1,1.7,,517.0
298,10,October,October_24,11.2,29.8,42.5,3.3,0.0,1.9,22.1,11.2,0.1,0.0,3.4,0.0,0.0,17.4,9.8,0.5,13.9,0.0,19.5,6.3,25.0,0.7,3.5,0.0,0.2,24.0,0.3,16.4,0.0,24.3,0.0,0.0,77.1,0.0,41.6,6.4,0.0,,0.0,0.2,6.4,0.0,4.8,1.1,10.2,0.0,4.4,4.0,1.6,,445.1
299,10,October,October_25,0.1,1.4,0.0,27.7,22.4,23.2,0.1,0.0,0.0,13.0,0.0,1.8,2.8,0.4,0.1,0.0,5.9,15.6,5.5,15.7,0.0,0.0,0.1,0.0,0.0,1.1,1.4,6.2,0.0,0.0,0.0,88.2,0.0,38.4,10.8,3.1,0.7,,4.4,45.2,0.1,0.0,0.0,0.0,15.3,0.2,3.7,0.5,0.0,,355.1
300,10,October,October_26,12.2,0.0,2.0,2.5,20.6,0.1,2.5,1.7,1.4,0.4,10.8,2.1,0.3,12.3,18.6,0.7,0.0,5.7,5.3,0.0,30.2,25.8,5.8,0.0,0.0,0.8,0.0,14.1,26.9,41.2,0.0,2.2,9.5,0.2,0.0,2.8,1.0,,0.0,0.3,0.0,0.0,0.0,44.7,52.8,11.0,0.6,41.2,0.0,,410.3
301,10,October,October_27,0.0,1.4,0.0,1.0,0.0,0.2,0.5,32.0,0.0,11.1,41.8,0.0,3.7,11.8,13.3,0.0,7.1,13.2,9.3,6.2,0.4,0.0,21.5,0.0,0.0,0.0,1.3,3.9,24.4,0.0,12.4,0.0,0.0,26.7,116.0,0.1,37.6,,0.0,0.0,0.0,8.0,19.3,0.9,13.7,0.0,6.6,0.2,0.0,,445.6
302,10,October,October_28,11.9,0.1,1.3,0.0,0.1,0.7,0.0,0.0,0.0,15.9,7.4,11.0,0.5,0.0,0.0,0.2,9.9,0.0,0.0,5.8,38.2,22.0,13.2,0.0,8.4,3.8,13.2,0.0,11.6,0.0,0.0,6.6,3.8,0.7,0.0,0.0,0.0,,0.0,0.0,0.4,0.5,18.5,17.7,0.0,12.0,23.1,0.0,1.9,,260.4
303,10,October,October_29,11.9,0.3,32.3,0.0,0.0,0.0,16.8,0.0,13.8,10.5,25.5,0.0,0.0,0.0,58.8,0.0,0.3,0.6,0.0,0.0,0.0,5.9,0.0,0.0,25.1,6.0,16.5,1.2,53.0,0.1,0.3,2.1,0.0,0.0,8.5,0.0,0.0,,0.0,10.1,14.7,0.0,21.4,3.9,0.3,0.0,17.2,0.2,0.1,,357.4
304,10,October,October_30,0.0,0.0,11.1,15.3,26.8,21.7,1.8,48.6,2.5,3.7,2.3,9.7,1.1,25.8,2.8,43.9,4.2,13.2,0.0,7.8,19.9,0.0,59.0,0.0,0.0,3.2,4.8,2.4,0.6,3.6,3.5,13.9,29.0,0.0,2.0,1.7,0.3,,15.3,0.1,22.0,5.6,7.7,0.0,35.0,12.8,0.1,0.0,0.0,,484.8
305,10,October,October_31,9.9,0.0,1.5,1.7,2.2,0.4,10.0,2.5,4.9,20.5,0.2,42.1,6.5,0.1,0.0,0.0,6.2,0.0,0.2,0.0,10.1,0.4,0.3,0.4,1.3,4.7,22.6,0.6,0.7,0.0,0.0,5.9,6.5,0.0,2.7,10.0,0.0,,0.0,2.8,3.1,3.1,2.3,0.0,6.9,0.0,1.8,5.1,22.7,,222.9
306,11,November,November_1,13.0,0.0,2.0,5.0,0.0,0.0,0.2,9.2,5.1,0.0,1.0,0.9,10.0,0.0,3.2,0.0,3.1,0.0,11.5,0.0,0.0,0.0,0.0,11.9,6.0,2.9,11.5,10.6,0.0,9.3,0.0,1.4,9.3,0.2,27.5,0.0,30.2,,,3.8,0.1,6.6,0.5,0.0,0.0,6.0,38.2,1.7,10.1,,252.0
307,11,November,November_2,9.9,0.0,33.9,4.0,0.8,14.9,12.0,9.8,9.7,22.4,0.0,0.0,0.3,0.0,0.6,19.1,5.4,9.5,0.2,0.0,0.0,0.9,41.8,9.2,0.0,0.2,1.2,6.5,0.0,0.2,0.0,0.0,33.4,6.6,2.9,5.0,15.3,,,0.3,72.9,39.0,0.6,47.9,0.0,14.5,29.1,0.0,0.0,,480.0
308,11,November,November_3,1.7,0.0,0.0,9.0,0.0,1.0,20.4,4.8,23.2,7.2,0.0,37.1,0.0,2.4,5.6,0.5,3.8,1.3,0.1,0.0,1.3,0.0,1.0,0.0,1.7,27.4,0.0,1.5,7.8,0.0,0.0,1.3,5.6,5.2,30.0,0.7,0.0,,,1.1,0.5,2.6,2.8,0.0,11.8,0.0,1.0,0.0,10.4,,231.8
309,11,November,November_4,5.5,24.6,20.4,0.1,32.5,0.0,0.2,0.0,3.5,9.9,5.8,9.2,0.0,12.6,1.7,0.7,0.0,0.0,0.2,0.0,0.0,0.6,0.0,0.0,0.4,1.5,8.4,0.8,40.8,0.0,24.3,2.2,13.0,0.1,1.5,9.8,0.0,,,0.0,5.1,3.0,0.0,3.0,0.6,0.5,0.0,23.6,0.4,,266.5
310,11,November,November_5,0.6,0.0,0.0,9.1,4.5,2.4,8.4,25.3,24.7,2.2,23.9,20.4,2.6,4.6,23.7,23.9,50.6,0.0,0.0,2.2,1.0,0.3,45.8,27.0,12.4,10.5,0.0,2.1,0.2,0.0,21.7,0.2,0.0,12.8,0.0,0.4,12.0,,,0.0,0.0,0.8,57.4,0.0,0.0,23.0,32.0,0.0,0.5,,489.2
311,11,November,November_6,40.4,0.0,22.8,0.0,39.1,0.0,4.9,12.0,0.4,0.0,0.1,26.4,0.0,30.7,0.1,0.0,0.0,5.3,0.9,0.0,25.1,0.3,0.9,0.0,0.0,0.0,0.0,2.0,5.0,11.7,8.3,18.5,0.0,13.4,16.9,0.0,1.3,,,1.4,18.4,0.2,13.6,11.9,0.0,1.2,0.2,21.7,0.9,,356.0
312,11,November,November_7,22.5,0.0,17.8,0.0,2.0,0.1,45.3,0.0,0.1,0.0,8.5,0.0,5.3,5.2,0.0,1.8,30.2,0.0,0.0,0.0,0.1,35.0,0.2,0.0,0.0,40.3,0.0,11.3,0.0,26.2,0.0,5.2,0.3,2.4,10.6,0.0,0.0,,,0.2,0.1,0.0,4.9,0.0,46.3,6.6,0.0,3.1,0.3,,331.9
313,11,November,November_8,36.1,0.0,9.0,0.9,0.0,0.0,0.4,0.0,4.5,6.1,0.4,0.4,22.7,9.1,19.8,0.0,13.2,0.3,0.1,0.0,10.3,0.0,0.0,0.0,1.5,15.8,1.7,5.7,17.0,0.0,11.4,12.8,0.0,2.2,0.2,12.0,9.9,,,0.0,6.1,16.2,4.9,21.1,10.7,0.0,5.1,5.2,38.8,,331.6
314,11,November,November_9,5.7,0.0,0.6,6.2,36.1,0.0,0.1,0.1,0.0,6.6,0.0,0.2,1.1,0.0,39.4,0.0,1.0,0.0,25.0,49.4,0.0,0.0,0.0,0.0,13.4,0.0,2.0,6.2,0.2,0.0,0.0,13.9,44.7,0.1,0.0,0.0,30.9,,,0.3,9.7,48.3,1.4,0.0,0.0,0.2,0.0,0.0,0.1,,342.9
315,11,November,November_10,0.0,1.0,0.0,0.0,10.5,0.2,0.0,0.9,7.3,6.0,50.4,8.0,0.3,0.0,13.7,20.8,7.0,41.8,0.3,0.0,2.8,10.5,8.4,0.0,0.2,2.9,1.6,14.7,34.5,0.4,11.4,0.0,10.2,9.8,1.8,0.0,12.3,,,1.0,4.1,7.6,1.0,10.2,0.0,0.8,3.1,36.5,0.0,,354.0
316,11,November,November_11,0.0,0.0,19.4,35.3,29.2,0.5,0.0,0.0,2.5,8.0,3.7,3.5,1.3,8.0,2.0,7.1,2.3,26.7,0.6,0.0,0.7,0.0,0.1,9.4,0.0,0.0,24.0,7.8,0.8,13.6,21.1,0.0,0.0,0.0,10.6,11.5,1.1,,,15.1,29.5,0.0,15.5,0.0,6.1,0.5,32.7,0.0,30.4,,380.6
317,11,November,November_12,0.5,8.5,0.0,0.6,0.3,7.7,0.5,15.8,6.8,0.0,12.7,0.0,12.9,0.0,0.1,0.1,21.3,0.5,0.0,0.0,14.4,0.0,0.0,0.0,1.7,0.0,0.0,11.8,0.0,0.0,19.2,35.6,14.2,17.0,0.7,7.3,9.2,,,0.0,0.0,0.1,38.2,3.3,1.0,0.1,0.3,29.5,0.0,,291.9
318,11,November,November_13,0.0,0.7,0.0,0.0,1.4,22.0,10.6,6.5,21.4,0.0,14.8,17.3,0.8,0.0,45.7,0.0,7.0,0.0,0.0,0.0,7.1,0.0,0.0,0.0,2.2,0.3,9.2,6.0,0.0,22.9,13.1,2.5,34.7,2.0,1.2,8.5,36.9,,,0.0,0.0,11.5,15.4,0.0,0.0,0.5,0.2,0.0,0.0,,322.4
319,11,November,November_14,65.8,21.1,29.6,9.7,4.6,0.1,34.5,0.0,1.3,5.1,4.8,0.2,5.8,34.4,2.7,3.2,5.5,3.4,4.3,0.0,0.0,0.1,13.4,8.8,5.6,0.0,0.0,0.0,35.6,33.9,9.1,0.0,7.8,0.0,11.2,0.0,5.9,,,2.7,57.9,1.2,0.0,16.5,0.0,17.4,5.6,0.2,23.6,,492.6
320,11,November,November_15,2.2,5.3,1.2,89.7,1.3,0.0,3.8,10.5,0.0,12.3,0.0,27.8,6.6,6.4,0.0,12.5,2.2,10.7,2.5,0.0,11.8,0.2,0.0,1.9,0.4,12.2,10.8,0.0,32.2,2.5,11.5,17.5,14.4,0.0,0.0,0.0,0.0,,,6.1,0.2,0.0,0.6,0.0,44.9,0.0,0.0,4.1,26.0,,392.3
321,11,November,November_16,3.3,0.4,14.3,0.0,2.9,0.2,0.3,4.3,0.0,41.5,11.4,12.8,5.1,6.9,8.1,0.5,0.0,0.0,0.0,0.0,0.0,0.0,0.0,0.0,0.4,2.1,0.0,0.0,0.0,0.0,0.0,9.8,0.0,0.0,0.0,4.1,0.3,,,0.0,0.0,0.0,0.0,0.0,5.2,17.7,36.0,0.0,1.8,,189.4
322,11,November,November_17,5.2,0.0,7.4,0.0,2.1,0.1,42.7,4.7,0.0,2.6,40.1,3.7,0.4,0.0,15.8,0.6,0.0,0.0,0.0,0.0,20.6,8.3,0.0,0.4,7.5,8.7,18.6,0.0,1.1,0.4,48.7,0.0,0.0,66.2,9.9,1.0,0.0,,,0.0,21.3,6.5,2.4,26.2,0.0,35.7,0.0,0.0,0.0,,408.9
323,11,November,November_18,0.6,32.7,0.0,0.1,6.7,7.8,13.2,34.7,2.5,0.0,8.2,6.9,2.0,24.1,6.7,33.0,0.0,4.8,0.0,0.0,0.3,11.5,0.2,0.1,13.6,0.9,3.1,2.7,4.5,0.0,22.3,0.0,3.7,0.4,50.6,0.2,0.0,,,0.0,0.0,1.4,0.0,0.0,0.0,0.4,0.0,45.4,10.0,,355.3
324,11,November,November_19,0.0,0.0,13.8,0.0,0.3,0.0,13.5,0.0,0.1,10.1,0.0,26.7,34.6,6.3,23.0,0.0,51.5,0.0,61.8,0.0,0.0,3.5,0.0,13.6,34.7,0.0,13.3,0.5,0.0,0.0,1.1,33.1,0.0,0.0,4.1,12.0,0.0,,,18.9,7.6,0.3,0.0,0.4,2.4,17.9,0.5,9.0,0.0,,414.6
325,11,November,November_20,0.0,0.0,0.0,1.6,21.7,0.0,0.0,0.2,1.1,0.0,0.2,2.2,13.3,0.0,0.0,50.3,1.3,0.4,1.2,0.0,45.3,0.0,21.6,1.8,6.1,3.5,0.2,4.5,0.0,17.1,0.4,14.8,0.0,0.0,0.1,30.0,42.2,,,0.0,2.0,0.0,23.0,0.0,0.4,7.0,0.0,1.1,20.7,,335.3
326,11,November,November_21,0.2,13.4,0.0,0.0,1.5,2.2,3.9,0.0,1.1,0.0,0.4,19.4,18.0,46.1,20.2,1.5,8.0,0.9,66.4,0.0,4.1,2.9,19.9,1.4,0.0,0.7,9.5,0.0,0.0,13.6,0.0,11.6,0.1,0.0,0.1,2.4,0.0,,,0.6,6.5,0.6,0.2,0.0,21.6,9.7,0.8,34.3,1.7,,345.5
327,11,November,November_22,2.7,0.0,1.2,0.0,0.1,0.0,0.0,6.4,0.1,0.0,5.0,0.1,2.1,14.7,0.6,0.6,2.1,0.9,0.3,18.8,37.2,0.0,0.0,0.6,0.3,1.7,0.0,2.6,10.8,1.5,15.3,0.7,0.5,0.0,0.0,3.7,0.0,,,0.1,0.0,0.2,37.2,0.0,2.2,4.6,34.2,0.1,0.8,,210.0
328,11,November,November_23,11.8,87.0,4.2,0.0,5.3,5.0,0.0,2.3,8.0,0.0,0.3,2.5,0.0,0.0,16.7,0.0,0.0,0.7,0.0,14.6,0.2,33.2,0.0,14.0,0.5,0.0,0.0,30.1,0.0,21.4,0.0,16.9,12.3,41.4,2.8,56.4,38.6,,,0.0,6.4,8.1,0.0,30.1,0.0,18.9,0.7,0.0,15.9,,506.3
329,11,November,November_24,7.2,0.1,0.0,0.0,0.0,25.1,0.0,0.0,17.5,0.5,0.7,31.0,0.0,5.7,3.1,0.0,0.5,0.6,0.0,0.0,0.0,0.1,0.0,9.9,0.8,19.4,0.0,0.2,2.3,0.0,19.8,0.0,0.0,0.4,0.0,3.4,14.4,,,6.7,6.7,0.1,2.4,0.0,54.2,2.2,6.4,0.0,0.0,,241.4
330,11,November,November_25,0.1,0.0,9.7,0.0,0.0,2.5,0.0,0.0,0.0,0.0,0.0,0.0,0.0,0.0,0.0,7.7,21.0,5.5,0.0,32.0,1.0,0.0,0.0,2.2,0.5,0.0,7.3,0.7,3.6,7.5,0.5,0.0,7.6,0.1,0.0,0.7,0.0,,,27.6,22.3,1.2,4.9,0.0,0.3,0.0,0.0,0.0,4.5,,171.0
331,11,November,November_26,4.3,0.1,14.7,1.1,7.0,0.1,0.5,0.0,8.1,15.8,0.0,14.1,0.0,54.9,0.0,34.2,18.9,1.7,0.0,11.4,42.6,0.0,0.3,6.5,0.0,29.4,0.0,5.2,10.6,26.4,0.4,0.0,4.4,25.9,5.8,4.7,0.3,,,0.0,27.9,47.2,7.2,0.0,0.0,0.0,0.0,0.0,3.2,,434.9
332,11,November,November_27,11.1,0.2,0.0,0.0,32.6,28.0,3.3,3.1,25.1,3.6,0.0,0.0,0.2,0.4,0.1,0.7,4.4,0.0,9.3,0.0,0.1,0.2,0.7,0.0,4.0,0.0,0.0,3.6,8.9,0.0,19.0,19.5,0.0,0.3,0.2,1.1,0.0,,,0.0,0.2,0.1,0.1,1.0,0.0,0.0,5.6,0.5,0.0,,187.2
333,11,November,November_28,1.5,0.0,2.2,36.8,6.2,0.0,3.8,0.0,1.6,0.0,0.3,27.2,0.0,0.0,0.0,1.3,0.0,0.0,0.0,0.5,0.3,0.1,7.7,1.9,0.0,0.1,7.4,0.2,1.0,8.3,15.5,0.0,39.3,0.0,0.0,0.0,67.5,,,0.1,0.0,0.4,0.0,9.2,5.8,0.0,0.2,0.0,0.0,,246.4
334,11,November,November_29,52.4,1.7,0.0,0.0,2.9,2.3,0.3,0.0,0.0,0.0,0.2,5.8,0.0,0.2,0.0,0.0,13.3,0.0,0.0,0.0,1.2,0.2,0.0,0.0,0.2,0.0,0.5,0.0,0.0,8.3,0.0,0.0,0.0,0.3,0.0,17.7,0.4,,,6.8,26.4,4.4,13.4,6.1,0.0,0.0,0.0,0.4,0.0,,165.4
335,11,November,November_30,0.1,19.1,18.3,0.8,0.1,0.0,1.1,28.3,17.4,0.0,7.7,8.9,0.0,0.0,4.2,0.0,0.8,2.3,0.0,0.0,0.0,0.2,30.5,0.0,0.0,1.2,0.5,0.0,6.1,0.3,0.0,0.0,14.4,0.9,0.0,0.3,19.5,,,0.1,0.0,0.0,0.3,0.0,0.0,0.0,12.5,3.9,0.0,,199.8
336,12,December,December_1,0.0,11.7,23.9,0.0,,21.7,4.0,30.3,0.0,0.0,0.0,0.6,1.2,0.0,20.0,0.0,17.5,0.0,0.0,0.0,0.0,0.3,0.3,5.5,30.9,0.0,5.7,0.0,36.6,50.0,12.5,0.0,2.1,3.2,0.0,14.6,0.5,0.0,25.3,0.0,0.1,6.7,0.3,0.2,0.0,0.0,9.8,0.0,0.0,,335.5
337,12,December,December_2,2.0,0.0,14.5,10.0,,0.0,5.7,17.5,36.8,0.0,6.2,1.0,7.6,0.0,0.1,0.0,13.4,0.0,0.0,8.8,0.0,0.0,0.0,0.0,2.8,4.0,0.1,0.0,0.9,13.6,0.0,0.0,3.1,0.0,0.0,1.2,0.0,0.0,0.0,0.0,9.5,3.3,20.8,0.0,0.0,0.0,0.5,0.0,0.4,,183.8
338,12,December,December_3,0.0,1.8,0.0,0.6,,2.2,0.0,6.6,0.0,0.0,0.0,38.5,14.4,0.0,14.2,5.2,0.0,0.0,0.0,15.3,0.0,0.0,0.0,0.0,0.2,0.6,2.6,0.0,12.1,0.0,0.0,6.4,0.0,0.0,18.8,0.0,2.5,0.0,0.0,0.0,0.5,0.2,0.0,0.0,0.0,1.4,16.2,0.0,0.0,,160.3
339,12,December,December_4,0.1,1.9,4.1,0.2,,46.3,5.8,6.3,0.2,0.0,0.0,0.3,0.0,0.0,0.0,0.0,0.0,14.7,0.1,29.4,15.6,0.0,0.0,0.0,0.2,0.4,22.6,0.0,0.0,16.9,0.0,0.5,36.9,10.1,0.3,2.4,22.0,0.0,81.0,1.3,0.0,0.0,0.0,0.0,28.7,5.9,0.2,44.9,4.6,,403.9
340,12,December,December_5,3.5,11.6,0.0,0.0,,1.7,0.0,7.5,5.5,0.0,8.6,0.0,0.1,0.5,0.0,0.0,8.8,0.5,3.0,0.0,0.0,0.0,4.3,0.6,0.2,0.2,0.1,0.0,3.7,0.0,0.0,0.4,0.4,0.0,0.3,2.9,1.8,26.6,0.0,0.1,0.0,15.4,0.0,0.1,6.0,1.0,1.6,1.0,0.0,,118.0
341,12,December,December_6,0.0,0.1,0.0,0.5,,6.3,0.0,0.0,0.0,0.0,0.0,0.0,0.0,2.9,22.0,0.0,13.4,37.1,0.2,1.7,0.2,0.3,9.6,0.0,0.0,0.0,0.8,0.0,0.0,0.0,0.0,0.0,0.4,0.0,0.3,0.1,0.2,0.0,0.0,0.2,0.1,26.6,16.8,30.2,19.5,19.7,1.8,0.0,23.3,,234.3
342,12,December,December_7,0.0,0.0,0.0,0.0,,0.1,22.6,27.8,3.9,0.0,0.0,0.1,0.0,0.0,2.4,0.0,0.0,0.2,1.7,10.9,13.6,8.1,13.5,0.0,0.0,0.0,0.3,0.0,0.7,0.0,0.5,0.6,0.8,1.7,0.0,0.1,9.5,0.0,0.3,0.0,0.0,3.6,0.0,0.0,9.5,19.2,9.9,1.5,0.1,,163.2
343,12,December,December_8,0.1,0.0,0.0,0.0,,0.1,0.0,3.0,0.0,0.0,0.0,0.0,0.0,0.0,0.0,5.0,10.1,0.0,0.4,0.0,0.0,1.6,1.8,0.0,6.4,0.1,0.0,1.0,0.0,0.0,8.7,5.7,29.5,1.7,11.8,0.0,2.0,0.0,16.2,45.4,0.0,0.9,0.0,14.9,0.1,0.0,0.1,8.0,4.2,,178.8
344,12,December,December_9,0.0,0.1,3.8,9.1,,0.0,0.0,8.2,0.0,0.0,4.8,0.0,16.5,0.0,0.0,6.9,0.0,0.9,0.0,24.1,0.1,0.0,3.7,0.0,9.0,0.1,0.0,49.7,0.5,20.2,1.1,1.8,0.1,0.0,0.2,0.1,0.0,0.0,0.2,18.8,0.0,0.0,4.7,2.7,0.0,0.0,0.0,0.0,0.0,,187.4
345,12,December,December_10,16.2,0.0,0.0,0.1,,0.0,0.0,0.5,33.9,0.3,0.1,0.0,0.1,0.0,0.0,24.5,0.0,9.7,0.0,9.0,0.0,0.0,0.0,0.0,1.0,0.0,0.0,16.9,0.0,3.1,0.0,0.0,5.9,0.0,0.6,0.0,25.0,1.7,8.7,10.4,0.0,0.8,0.2,3.7,13.6,0.5,3.1,5.0,0.4,,195.0
346,12,December,December_11,0.0,0.5,0.0,34.1,,17.6,0.0,0.0,5.0,0.0,1.6,44.1,0.0,3.5,0.0,0.0,0.0,1.0,2.1,0.4,0.0,0.0,0.1,10.8,0.0,0.3,0.0,0.6,2.7,8.4,1.1,1.0,5.3,14.4,0.3,2.2,0.0,0.1,0.0,0.0,0.0,0.5,0.0,0.0,2.7,0.0,3.0,0.0,0.0,,163.4
347,12,December,December_12,31.5,0.0,0.0,7.7,,3.6,0.0,0.1,0.0,0.0,0.4,0.1,0.0,1.8,0.0,3.5,0.0,0.2,9.6,68.8,1.5,0.0,5.5,0.1,0.0,0.2,7.5,0.0,48.4,12.8,0.0,0.0,0.4,0.0,0.0,3.2,3.2,0.7,0.0,0.0,0.0,0.0,5.8,5.7,0.0,0.0,0.0,14.5,0.0,,236.8
348,12,December,December_13,0.0,4.8,0.8,11.0,,0.0,0.0,0.0,0.0,5.0,0.0,0.0,0.0,0.1,0.0,0.0,7.4,0.2,0.2,4.5,0.0,0.0,0.0,0.1,0.0,0.0,0.2,1.7,0.2,15.2,1.6,3.0,0.0,0.0,0.0,0.1,8.0,0.8,0.0,0.1,0.0,21.0,1.9,0.0,0.0,0.0,0.6,0.9,1.3,,90.7
349,12,December,December_14,1.7,0.0,15.2,4.5,,0.1,0.0,0.8,0.0,0.0,0.0,0.0,0.0,0.0,0.0,11.0,0.6,3.5,0.2,0.2,0.0,0.0,5.4,0.0,8.4,0.0,0.0,0.0,0.0,6.4,2.1,10.0,10.9,1.0,0.0,0.0,0.3,0.0,0.0,0.0,0.0,0.0,0.0,16.9,0.0,0.0,0.4,0.0,4.1,,103.7
350,12,December,December_15,0.3,0.1,0.0,0.0,,0.0,0.2,7.4,0.0,0.0,0.0,0.0,0.0,5.5,0.0,0.2,0.0,0.0,0.0,0.0,0.0,15.1,0.0,0.0,0.0,1.7,0.0,0.0,0.1,0.0,18.5,0.0,0.0,0.1,0.3,1.0,17.0,8.4,0.3,0.2,12.3,0.5,42.7,0.0,0.0,0.0,0.3,0.0,1.1,,133.3
351,12,December,December_16,0.0,10.4,0.0,0.1,,0.0,59.7,1.7,0.0,0.0,0.0,0.0,0.0,0.0,0.0,0.4,0.0,0.0,0.0,0.0,0.0,0.0,0.0,0.0,0.0,15.7,0.0,0.0,0.0,0.0,0.0,30.1,0.0,0.0,28.6,5.3,1.4,0.0,0.0,0.0,0.6,0.0,0.2,1.1,0.0,0.0,1.7,0.3,0.1,,157.4
352,12,December,December_17,0.0,0.1,0.0,0.1,,0.0,0.1,13.2,0.0,0.0,0.0,0.0,0.0,0.0,0.0,0.0,14.6,0.0,0.2,0.0,0.0,0.0,0.0,0.0,0.0,0.2,0.6,2.5,0.0,3.0,0.0,0.5,1.7,4.6,1.0,14.4,3.6,0.0,0.0,0.0,0.0,24.0,0.0,0.0,0.0,0.0,0.0,0.0,0.1,,84.5
353,12,December,December_18,8.4,20.4,0.0,0.0,,0.0,0.0,0.0,0.2,0.0,0.0,0.0,9.1,4.1,0.0,0.0,0.8,0.2,0.0,0.0,0.2,4.2,25.0,0.0,0.0,0.0,56.9,37.6,0.0,0.0,0.0,0.2,0.0,0.0,0.0,0.0,0.1,0.0,0.0,4.7,8.4,2.1,0.0,0.0,26.0,16.3,0.0,0.0,0.4,,225.3
354,12,December,December_19,0.0,0.1,0.0,0.8,,0.1,17.5,0.0,0.0,0.0,0.0,0.0,0.1,18.9,0.0,0.0,0.0,0.0,0.2,6.3,3.1,0.6,0.0,0.0,14.2,0.0,0.4,3.5,0.0,10.6,0.0,0.0,0.1,0.0,1.4,0.0,0.0,0.0,0.0,5.8,6.6,0.0,0.1,0.0,0.0,0.0,0.0,0.0,0.0,,90.4
355,12,December,December_20,0.0,0.0,0.0,0.2,,0.0,1.9,0.1,0.1,0.0,0.0,0.0,0.0,0.1,0.2,11.0,0.1,0.0,0.0,0.4,0.3,0.0,0.0,0.0,13.6,9.0,0.0,0.0,0.0,0.0,0.0,0.0,3.6,0.1,0.7,0.5,53.9,0.2,3.8,3.9,0.2,0.0,0.0,0.0,0.0,0.0,0.0,0.0,2.5,,106.4
356,12,December,December_21,0.0,1.4,0.0,0.3,,0.0,0.1,0.0,0.3,0.0,0.0,0.0,0.1,0.0,12.3,0.2,0.0,0.0,0.0,0.0,0.0,0.0,0.0,0.0,0.0,0.2,0.1,0.0,0.0,0.0,0.0,0.0,0.0,0.0,7.3,13.5,16.4,0.0,0.0,0.0,0.0,79.0,1.8,0.0,0.0,0.2,0.0,0.0,0.0,,133.2
357,12,December,December_22,2.2,0.0,0.0,0.2,,0.0,0.0,0.1,0.0,20.1,0.0,0.0,0.0,0.0,0.0,0.0,13.3,0.0,1.5,1.8,2.1,0.0,0.1,20.0,0.0,0.0,0.0,2.9,0.0,2.5,0.0,31.0,0.0,0.0,0.0,0.1,0.0,6.0,6.5,50.3,34.4,0.0,5.6,2.2,0.0,0.0,0.0,0.0,0.0,,202.9
358,12,December,December_23,0.0,0.0,0.0,0.0,,0.1,6.0,0.0,0.1,0.0,0.0,0.0,0.0,5.4,18.1,8.3,6.3,32.0,0.1,8.1,0.0,0.0,0.0,0.1,1.4,0.0,0.1,1.5,6.9,0.0,0.0,0.0,0.8,0.0,8.9,0.0,15.5,7.7,0.7,0.1,0.1,0.3,8.0,32.6,0.0,0.0,0.0,0.0,37.4,,206.6
359,12,December,December_24,0.1,48.3,4.0,0.4,,0.0,0.0,0.0,0.0,7.5,0.3,0.0,0.0,0.0,0.3,0.0,0.2,13.3,0.0,3.9,0.0,0.0,0.2,0.0,0.0,0.0,0.0,0.0,0.0,0.0,1.5,0.0,3.8,1.1,0.0,0.0,0.0,0.0,7.6,0.1,0.0,0.3,0.0,0.0,1.2,57.7,0.0,0.0,0.1,,151.9
360,12,December,December_25,5.4,3.1,0.3,0.0,,0.0,0.0,0.5,0.0,0.2,0.0,0.0,0.0,0.0,0.0,0.0,0.2,0.0,0.0,31.7,5.2,0.0,2.0,2.0,0.0,4.6,0.0,0.0,0.0,23.2,0.0,0.0,0.0,15.9,0.0,0.3,0.4,0.2,0.2,2.0,0.0,2.4,3.8,0.0,0.0,0.0,0.0,0.0,0.0,,103.6
361,12,December,December_26,0.0,0.0,0.0,4.3,,0.0,0.0,0.0,0.0,0.0,0.0,0.0,7.8,2.9,46.0,0.0,0.0,0.0,2.3,0.0,1.2,0.0,8.1,9.3,6.0,0.3,0.0,25.2,0.0,0.0,0.0,0.0,0.0,0.0,19.2,1.5,0.0,1.5,16.1,1.6,0.0,0.0,7.0,13.2,0.0,0.0,0.0,0.0,0.1,,173.6
362,12,December,December_27,0.2,0.0,0.0,0.1,,0.0,0.0,1.3,2.4,0.0,0.0,4.6,0.1,0.0,2.4,0.0,0.0,0.4,4.7,0.1,0.0,0.0,0.0,20.6,1.8,0.0,0.0,0.0,0.0,0.0,0.0,0.0,1.1,0.2,0.1,0.1,0.0,0.0,1.2,6.8,14.5,0.1,0.0,0.0,0.3,0.0,0.0,0.0,0.0,,63.1
363,12,December,December_28,0.1,0.1,4.1,0.1,,0.0,0.0,0.0,0.1,7.3,0.1,0.1,0.0,8.1,0.0,10.2,0.0,9.2,0.2,5.2,0.0,0.0,0.0,0.0,0.2,0.0,0.0,0.0,0.0,13.7,0.0,0.0,0.0,0.0,1.7,9.7,11.5,0.3,0.0,0.0,0.0,0.0,0.2,0.2,0.0,3.5,0.0,0.0,21.4,,107.3
364,12,December,December_29,0.0,0.6,0.2,8.5,,0.0,0.1,30.3,0.0,0.0,0.2,0.0,11.1,0.1,0.0,0.0,0.0,0.0,0.0,5.5,3.0,0.0,0.0,0.0,0.0,0.0,0.0,0.0,0.0,0.0,0.0,0.0,0.0,0.3,23.8,0.3,11.9,0.0,0.1,0.0,0.0,0.0,0.0,0.0,0.0,0.0,2.6,0.0,0.0,,98.6
365,12,December,December_30,0.0,0.0,0.0,0.2,,0.0,0.0,0.3,0.0,0.0,0.0,0.0,0.0,0.0,0.3,0.0,0.0,0.1,0.0,0.0,0.4,0.1,0.0,28.1,0.0,0.0,0.0,0.0,0.0,0.0,0.0,2.5,0.0,0.4,8.6,0.5,20.4,0.0,0.2,0.0,0.0,0.0,0.0,0.0,0.0,0.0,6.3,1.4,3.8,,73.6
366,12,December,December_31,0.0,0.0,4.6,11.8,,0.0,0.0,0.0,0.0,0.0,0.0,0.0,0.0,0.0,0.0,62.6,0.0,0.0,0.9,0.0,0.0,0.0,0.0,0.2,0.0,0.0,0.0,0.3,8.2,14.1,0.0,0.0,0.0,0.4,0.0,0.3,0.0,3.1,0.3,0.0,0.0,0.2,0.0,0.0,0.0,0.0,1.1,0.2,7.8,,116.1
,,,,,,,,,,,,,,,,,,,,,,,,,,,,,,,,,,,,,,,,,,,,,,,,,,,,,,
,,,,,,,,,,,,,,,,,,,,,,,,,,,,,,,,,,,,,,,,,,,,,,,,,,,,,,
,,,,,,,,,,,,,,,,,,,,,,,,,,,,,,,,,,,,,,,,,,,,,,,,,,,,,,
,,,,,,,,,,,,,,,,,,,,,,,,,,,,,,,,,,,,,,,,,,,,,,,,,,,,,,
,,,,,,,,,,,,,,,,,,,,,,,,,,,,,,,,,,,,,,,,,,,,,,,,,,,,,,
,,,,,,,,,,,,,,,,,,,,,,,,,,,,,,,,,,,,,,,,,,,,,,,,,,,,,,
,,,,,,,,,,,,,,,,,,,,,,,,,,,,,,,,,,,,,,,,,,,,,,,,,,,,,,
,,,,,,,,,,,,,,,,,,,,,,,,,,,,,,,,,,,,,,,,,,,,,,,,,,,,,,
,,,,,,,,,,,,,,,,,,,,,,,,,,,,,,,,,,,,,,,,,,,,,,,,,,,,,,
,,,,,,,,,,,,,,,,,,,,,,,,,,,,,,,,,,,,,,,,,,,,,,,,,,,,,,
,,,,,,,,,,,,,,,,,,,,,,,,,,,,,,,,,,,,,,,,,,,,,,,,,,,,,,
,,,,,,,,,,,,,,,,,,,,,,,,,,,,,,,,,,,,,,,,,,,,,,,,,,,,,,
,,,,,,,,,,,,,,,,,,,,,,,,,,,,,,,,,,,,,,,,,,,,,,,,,,,,,,
,,,,,,,,,,,,,,,,,,,,,,,,,,,,,,,,,,,,,,,,,,,,,,,,,,,,,,
,,,,,,,,,,,,,,,,,,,,,,,,,,,,,,,,,,,,,,,,,,,,,,,,,,,,,,
,,,,,,,,,,,,,,,,,,,,,,,,,,,,,,,,,,,,,,,,,,,,,,,,,,,,,,
,,,,,,,,,,,,,,,,,,,,,,,,,,,,,,,,,,,,,,,,,,,,,,,,,,,,,,
,,,,,,,,,,,,,,,,,,,,,,,,,,,,,,,,,,,,,,,,,,,,,,,,,,,,,,
,,,,,,,,,,,,,,,,,,,,,,,,,,,,,,,,,,,,,,,,,,,,,,,,,,,,,,
,,,,,,,,,,,,,,,,,,,,,,,,,,,,,,,,,,,,,,,,,,,,,,,,,,,,,,
,,,,,,,,,,,,,,,,,,,,,,,,,,,,,,,,,,,,,,,,,,,,,,,,,,,,,,
,,,,,,,,,,,,,,,,,,,,,,,,,,,,,,,,,,,,,,,,,,,,,,,,,,,,,,
,,,,,,,,,,,,,,,,,,,,,,,,,,,,,,,,,,,,,,,,,,,,,,,,,,,,,,
,,,,,,,,,,,,,,,,,,,,,,,,,,,,,,,,,,,,,,,,,,,,,,,,,,,,,,
,,,,,,,,,,,,,,,,,,,,,,,,,,,,,,,,,,,,,,,,,,,,,,,,,,,,,,
,,,,,,,,,,,,,,,,,,,,,,,,,,,,,,,,,,,,,,,,,,,,,,,,,,,,,,
,,,,,,,,,,,,,,,,,,,,,,,,,,,,,,,,,,,,,,,,,,,,,,,,,,,,,,
,,,,,,,,,,,,,,,,,,,,,,,,,,,,,,,,,,,,,,,,,,,,,,,,,,,,,,
,,,,,,,,,,,,,,,,,,,,,,,,,,,,,,,,,,,,,,,,,,,,,,,,,,,,,,
,,,,,,,,,,,,,,,,,,,,,,,,,,,,,,,,,,,,,,,,,,,,,,,,,,,,,,
,,,,,,,,,,,,,,,,,,,,,,,,,,,,,,,,,,,,,,,,,,,,,,,,,,,,,,
,,,,,,,,,,,,,,,,,,,,,,,,,,,,,,,,,,,,,,,,,,,,,,,,,,,,,,
,,,,,,,,,,,,,,,,,,,,,,,,,,,,,,,,,,,,,,,,,,,,,,,,,,,,,,
,,,,,,,,,,,,,,,,,,,,,,,,,,,,,,,,,,,,,,,,,,,,,,,,,,,,,,
,,,,,,,,,,,,,,,,,,,,,,,,,,,,,,,,,,,,,,,,,,,,,,,,,,,,,,
,,,,,,,,,,,,,,,,,,,,,,,,,,,,,,,,,,,,,,,,,,,,,,,,,,,,,,
,,,,,,,,,,,,,,,,,,,,,,,,,,,,,,,,,,,,,,,,,,,,,,,,,,,,,,
,,,,,,,,,,,,,,,,,,,,,,,,,,,,,,,,,,,,,,,,,,,,,,,,,,,,,,
,,,,,,,,,,,,,,,,,,,,,,,,,,,,,,,,,,,,,,,,,,,,,,,,,,,,,,
,,,,,,,,,,,,,,,,,,,,,,,,,,,,,,,,,,,,,,,,,,,,,,,,,,,,,,
,,,,,,,,,,,,,,,,,,,,,,,,,,,,,,,,,,,,,,,,,,,,,,,,,,,,,,
,,,,,,,,,,,,,,,,,,,,,,,,,,,,,,,,,,,,,,,,,,,,,,,,,,,,,,
,,,,,,,,,,,,,,,,,,,,,,,,,,,,,,,,,,,,,,,,,,,,,,,,,,,,,,
,,,,,,,,,,,,,,,,,,,,,,,,,,,,,,,,,,,,,,,,,,,,,,,,,,,,,,
,,,,,,,,,,,,,,,,,,,,,,,,,,,,,,,,,,,,,,,,,,,,,,,,,,,,,,
,,,,,,,,,,,,,,,,,,,,,,,,,,,,,,,,,,,,,,,,,,,,,,,,,,,,,,
,,,,,,,,,,,,,,,,,,,,,,,,,,,,,,,,,,,,,,,,,,,,,,,,,,,,,,
,,,,,,,,,,,,,,,,,,,,,,,,,,,,,,,,,,,,,,,,,,,,,,,,,,,,,,
,,,,,,,,,,,,,,,,,,,,,,,,,,,,,,,,,,,,,,,,,,,,,,,,,,,,,,
,,,,,,,,,,,,,,,,,,,,,,,,,,,,,,,,,,,,,,,,,,,,,,,,,,,,,,
,,,,,,,,,,,,,,,,,,,,,,,,,,,,,,,,,,,,,,,,,,,,,,,,,,,,,,
,,,,,,,,,,,,,,,,,,,,,,,,,,,,,,,,,,,,,,,,,,,,,,,,,,,,,,
,,,,,,,,,,,,,,,,,,,,,,,,,,,,,,,,,,,,,,,,,,,,,,,,,,,,,,
,,,,,,,,,,,,,,,,,,,,,,,,,,,,,,,,,,,,,,,,,,,,,,,,,,,,,,
,,,,,,,,,,,,,,,,,,,,,,,,,,,,,,,,,,,,,,,,,,,,,,,,,,,,,,
,,,,,,,,,,,,,,,,,,,,,,,,,,,,,,,,,,,,,,,,,,,,,,,,,,,,,,
,,,,,,,,,,,,,,,,,,,,,,,,,,,,,,,,,,,,,,,,,,,,,,,,,,,,,,
,,,,,,,,,,,,,,,,,,,,,,,,,,,,,,,,,,,,,,,,,,,,,,,,,,,,,,
,,,,,,,,,,,,,,,,,,,,,,,,,,,,,,,,,,,,,,,,,,,,,,,,,,,,,,
,,,,,,,,,,,,,,,,,,,,,,,,,,,,,,,,,,,,,,,,,,,,,,,,,,,,,,
,,,,,,,,,,,,,,,,,,,,,,,,,,,,,,,,,,,,,,,,,,,,,,,,,,,,,,
,,,,,,,,,,,,,,,,,,,,,,,,,,,,,,,,,,,,,,,,,,,,,,,,,,,,,,
,,,,,,,,,,,,,,,,,,,,,,,,,,,,,,,,,,,,,,,,,,,,,,,,,,,,,,
,,,,,,,,,,,,,,,,,,,,,,,,,,,,,,,,,,,,,,,,,,,,,,,,,,,,,,
,,,,,,,,,,,,,,,,,,,,,,,,,,,,,,,,,,,,,,,,,,,,,,,,,,,,,,
,,,,,,,,,,,,,,,,,,,,,,,,,,,,,,,,,,,,,,,,,,,,,,,,,,,,,,
,,,,,,,,,,,,,,,,,,,,,,,,,,,,,,,,,,,,,,,,,,,,,,,,,,,,,,
,,,,,,,,,,,,,,,,,,,,,,,,,,,,,,,,,,,,,,,,,,,,,,,,,,,,,,
,,,,,,,,,,,,,,,,,,,,,,,,,,,,,,,,,,,,,,,,,,,,,,,,,,,,,,
,,,,,,,,,,,,,,,,,,,,,,,,,,,,,,,,,,,,,,,,,,,,,,,,,,,,,,
,,,,,,,,,,,,,,,,,,,,,,,,,,,,,,,,,,,,,,,,,,,,,,,,,,,,,,
,,,,,,,,,,,,,,,,,,,,,,,,,,,,,,,,,,,,,,,,,,,,,,,,,,,,,,
,,,,,,,,,,,,,,,,,,,,,,,,,,,,,,,,,,,,,,,,,,,,,,,,,,,,,,
,,,,,,,,,,,,,,,,,,,,,,,,,,,,,,,,,,,,,,,,,,,,,,,,,,,,,,
,,,,,,,,,,,,,,,,,,,,,,,,,,,,,,,,,,,,,,,,,,,,,,,,,,,,,,
,,,,,,,,,,,,,,,,,,,,,,,,,,,,,,,,,,,,,,,,,,,,,,,,,,,,,,
,,,,,,,,,,,,,,,,,,,,,,,,,,,,,,,,,,,,,,,,,,,,,,,,,,,,,,
,,,,,,,,,,,,,,,,,,,,,,,,,,,,,,,,,,,,,,,,,,,,,,,,,,,,,,
,,,,,,,,,,,,,,,,,,,,,,,,,,,,,,,,,,,,,,,,,,,,,,,,,,,,,,
,,,,,,,,,,,,,,,,,,,,,,,,,,,,,,,,,,,,,,,,,,,,,,,,,,,,,,
,,,,,,,,,,,,,,,,,,,,,,,,,,,,,,,,,,,,,,,,,,,,,,,,,,,,,,
,,,,,,,,,,,,,,,,,,,,,,,,,,,,,,,,,,,,,,,,,,,,,,,,,,,,,,
,,,,,,,,,,,,,,,,,,,,,,,,,,,,,,,,,,,,,,,,,,,,,,,,,,,,,,
,,,,,,,,,,,,,,,,,,,,,,,,,,,,,,,,,,,,,,,,,,,,,,,,,,,,,,
,,,,,,,,,,,,,,,,,,,,,,,,,,,,,,,,,,,,,,,,,,,,,,,,,,,,,,
,,,,,,,,,,,,,,,,,,,,,,,,,,,,,,,,,,,,,,,,,,,,,,,,,,,,,,
,,,,,,,,,,,,,,,,,,,,,,,,,,,,,,,,,,,,,,,,,,,,,,,,,,,,,,
,,,,,,,,,,,,,,,,,,,,,,,,,,,,,,,,,,,,,,,,,,,,,,,,,,,,,,
,,,,,,,,,,,,,,,,,,,,,,,,,,,,,,,,,,,,,,,,,,,,,,,,,,,,,,
,,,,,,,,,,,,,,,,,,,,,,,,,,,,,,,,,,,,,,,,,,,,,,,,,,,,,,
,,,,,,,,,,,,,,,,,,,,,,,,,,,,,,,,,,,,,,,,,,,,,,,,,,,,,,
,,,,,,,,,,,,,,,,,,,,,,,,,,,,,,,,,,,,,,,,,,,,,,,,,,,,,,
,,,,,,,,,,,,,,,,,,,,,,,,,,,,,,,,,,,,,,,,,,,,,,,,,,,,,,
,,,,,,,,,,,,,,,,,,,,,,,,,,,,,,,,,,,,,,,,,,,,,,,,,,,,,,
,,,,,,,,,,,,,,,,,,,,,,,,,,,,,,,,,,,,,,,,,,,,,,,,,,,,,,
,,,,,,,,,,,,,,,,,,,,,,,,,,,,,,,,,,,,,,,,,,,,,,,,,,,,,,
,,,,,,,,,,,,,,,,,,,,,,,,,,,,,,,,,,,,,,,,,,,,,,,,,,,,,,
,,,,,,,,,,,,,,,,,,,,,,,,,,,,,,,,,,,,,,,,,,,,,,,,,,,,,,
,,,,,,,,,,,,,,,,,,,,,,,,,,,,,,,,,,,,,,,,,,,,,,,,,,,,,,
,,,,,,,,,,,,,,,,,,,,,,,,,,,,,,,,,,,,,,,,,,,,,,,,,,,,,,
,,,,,,,,,,,,,,,,,,,,,,,,,,,,,,,,,,,,,,,,,,,,,,,,,,,,,,
,,,,,,,,,,,,,,,,,,,,,,,,,,,,,,,,,,,,,,,,,,,,,,,,,,,,,,
,,,,,,,,,,,,,,,,,,,,,,,,,,,,,,,,,,,,,,,,,,,,,,,,,,,,,,
,,,,,,,,,,,,,,,,,,,,,,,,,,,,,,,,,,,,,,,,,,,,,,,,,,,,,,
,,,,,,,,,,,,,,,,,,,,,,,,,,,,,,,,,,,,,,,,,,,,,,,,,,,,,,
,,,,,,,,,,,,,,,,,,,,,,,,,,,,,,,,,,,,,,,,,,,,,,,,,,,,,,
,,,,,,,,,,,,,,,,,,,,,,,,,,,,,,,,,,,,,,,,,,,,,,,,,,,,,,
,,,,,,,,,,,,,,,,,,,,,,,,,,,,,,,,,,,,,,,,,,,,,,,,,,,,,,
,,,,,,,,,,,,,,,,,,,,,,,,,,,,,,,,,,,,,,,,,,,,,,,,,,,,,,
,,,,,,,,,,,,,,,,,,,,,,,,,,,,,,,,,,,,,,,,,,,,,,,,,,,,,,
,,,,,,,,,,,,,,,,,,,,,,,,,,,,,,,,,,,,,,,,,,,,,,,,,,,,,,
,,,,,,,,,,,,,,,,,,,,,,,,,,,,,,,,,,,,,,,,,,,,,,,,,,,,,,
,,,,,,,,,,,,,,,,,,,,,,,,,,,,,,,,,,,,,,,,,,,,,,,,,,,,,,
,,,,,,,,,,,,,,,,,,,,,,,,,,,,,,,,,,,,,,,,,,,,,,,,,,,,,,
,,,,,,,,,,,,,,,,,,,,,,,,,,,,,,,,,,,,,,,,,,,,,,,,,,,,,,
,,,,,,,,,,,,,,,,,,,,,,,,,,,,,,,,,,,,,,,,,,,,,,,,,,,,,,
,,,,,,,,,,,,,,,,,,,,,,,,,,,,,,,,,,,,,,,,,,,,,,,,,,,,,,
,,,,,,,,,,,,,,,,,,,,,,,,,,,,,,,,,,,,,,,,,,,,,,,,,,,,,,
,,,,,,,,,,,,,,,,,,,,,,,,,,,,,,,,,,,,,,,,,,,,,,,,,,,,,,
,,,,,,,,,,,,,,,,,,,,,,,,,,,,,,,,,,,,,,,,,,,,,,,,,,,,,,
,,,,,,,,,,,,,,,,,,,,,,,,,,,,,,,,,,,,,,,,,,,,,,,,,,,,,,
,,,,,,,,,,,,,,,,,,,,,,,,,,,,,,,,,,,,,,,,,,,,,,,,,,,,,,
,,,,,,,,,,,,,,,,,,,,,,,,,,,,,,,,,,,,,,,,,,,,,,,,,,,,,,
,,,,,,,,,,,,,,,,,,,,,,,,,,,,,,,,,,,,,,,,,,,,,,,,,,,,,,
,,,,,,,,,,,,,,,,,,,,,,,,,,,,,,,,,,,,,,,,,,,,,,,,,,,,,,
,,,,,,,,,,,,,,,,,,,,,,,,,,,,,,,,,,,,,,,,,,,,,,,,,,,,,,
,,,,,,,,,,,,,,,,,,,,,,,,,,,,,,,,,,,,,,,,,,,,,,,,,,,,,,
,,,,,,,,,,,,,,,,,,,,,,,,,,,,,,,,,,,,,,,,,,,,,,,,,,,,,,
,,,,,,,,,,,,,,,,,,,,,,,,,,,,,,,,,,,,,,,,,,,,,,,,,,,,,,
,,,,,,,,,,,,,,,,,,,,,,,,,,,,,,,,,,,,,,,,,,,,,,,,,,,,,,
,,,,,,,,,,,,,,,,,,,,,,,,,,,,,,,,,,,,,,,,,,,,,,,,,,,,,,
,,,,,,,,,,,,,,,,,,,,,,,,,,,,,,,,,,,,,,,,,,,,,,,,,,,,,,
,,,,,,,,,,,,,,,,,,,,,,,,,,,,,,,,,,,,,,,,,,,,,,,,,,,,,,
,,,,,,,,,,,,,,,,,,,,,,,,,,,,,,,,,,,,,,,,,,,,,,,,,,,,,,
,,,,,,,,,,,,,,,,,,,,,,,,,,,,,,,,,,,,,,,,,,,,,,,,,,,,,,
,,,,,,,,,,,,,,,,,,,,,,,,,,,,,,,,,,,,,,,,,,,,,,,,,,,,,,
,,,,,,,,,,,,,,,,,,,,,,,,,,,,,,,,,,,,,,,,,,,,,,,,,,,,,,
,,,,,,,,,,,,,,,,,,,,,,,,,,,,,,,,,,,,,,,,,,,,,,,,,,,,,,
,,,,,,,,,,,,,,,,,,,,,,,,,,,,,,,,,,,,,,,,,,,,,,,,,,,,,,
,,,,,,,,,,,,,,,,,,,,,,,,,,,,,,,,,,,,,,,,,,,,,,,,,,,,,,
,,,,,,,,,,,,,,,,,,,,,,,,,,,,,,,,,,,,,,,,,,,,,,,,,,,,,,
,,,,,,,,,,,,,,,,,,,,,,,,,,,,,,,,,,,,,,,,,,,,,,,,,,,,,,
,,,,,,,,,,,,,,,,,,,,,,,,,,,,,,,,,,,,,,,,,,,,,,,,,,,,,,
,,,,,,,,,,,,,,,,,,,,,,,,,,,,,,,,,,,,,,,,,,,,,,,,,,,,,,
,,,,,,,,,,,,,,,,,,,,,,,,,,,,,,,,,,,,,,,,,,,,,,,,,,,,,,
,,,,,,,,,,,,,,,,,,,,,,,,,,,,,,,,,,,,,,,,,,,,,,,,,,,,,,
,,,,,,,,,,,,,,,,,,,,,,,,,,,,,,,,,,,,,,,,,,,,,,,,,,,,,,
,,,,,,,,,,,,,,,,,,,,,,,,,,,,,,,,,,,,,,,,,,,,,,,,,,,,,,
,,,,,,,,,,,,,,,,,,,,,,,,,,,,,,,,,,,,,,,,,,,,,,,,,,,,,,
,,,,,,,,,,,,,,,,,,,,,,,,,,,,,,,,,,,,,,,,,,,,,,,,,,,,,,
,,,,,,,,,,,,,,,,,,,,,,,,,,,,,,,,,,,,,,,,,,,,,,,,,,,,,,
,,,,,,,,,,,,,,,,,,,,,,,,,,,,,,,,,,,,,,,,,,,,,,,,,,,,,,
,,,,,,,,,,,,,,,,,,,,,,,,,,,,,,,,,,,,,,,,,,,,,,,,,,,,,,
,,,,,,,,,,,,,,,,,,,,,,,,,,,,,,,,,,,,,,,,,,,,,,,,,,,,,,
,,,,,,,,,,,,,,,,,,,,,,,,,,,,,,,,,,,,,,,,,,,,,,,,,,,,,,
,,,,,,,,,,,,,,,,,,,,,,,,,,,,,,,,,,,,,,,,,,,,,,,,,,,,,,
,,,,,,,,,,,,,,,,,,,,,,,,,,,,,,,,,,,,,,,,,,,,,,,,,,,,,,
,,,,,,,,,,,,,,,,,,,,,,,,,,,,,,,,,,,,,,,,,,,,,,,,,,,,,,
,,,,,,,,,,,,,,,,,,,,,,,,,,,,,,,,,,,,,,,,,,,,,,,,,,,,,,
,,,,,,,,,,,,,,,,,,,,,,,,,,,,,,,,,,,,,,,,,,,,,,,,,,,,,,
,,,,,,,,,,,,,,,,,,,,,,,,,,,,,,,,,,,,,,,,,,,,,,,,,,,,,,
,,,,,,,,,,,,,,,,,,,,,,,,,,,,,,,,,,,,,,,,,,,,,,,,,,,,,,
,,,,,,,,,,,,,,,,,,,,,,,,,,,,,,,,,,,,,,,,,,,,,,,,,,,,,,
,,,,,,,,,,,,,,,,,,,,,,,,,,,,,,,,,,,,,,,,,,,,,,,,,,,,,,
,,,,,,,,,,,,,,,,,,,,,,,,,,,,,,,,,,,,,,,,,,,,,,,,,,,,,,
,,,,,,,,,,,,,,,,,,,,,,,,,,,,,,,,,,,,,,,,,,,,,,,,,,,,,,
,,,,,,,,,,,,,,,,,,,,,,,,,,,,,,,,,,,,,,,,,,,,,,,,,,,,,,
,,,,,,,,,,,,,,,,,,,,,,,,,,,,,,,,,,,,,,,,,,,,,,,,,,,,,,
,,,,,,,,,,,,,,,,,,,,,,,,,,,,,,,,,,,,,,,,,,,,,,,,,,,,,,
,,,,,,,,,,,,,,,,,,,,,,,,,,,,,,,,,,,,,,,,,,,,,,,,,,,,,,
,,,,,,,,,,,,,,,,,,,,,,,,,,,,,,,,,,,,,,,,,,,,,,,,,,,,,,
,,,,,,,,,,,,,,,,,,,,,,,,,,,,,,,,,,,,,,,,,,,,,,,,,,,,,,
,,,,,,,,,,,,,,,,,,,,,,,,,,,,,,,,,,,,,,,,,,,,,,,,,,,,,,
,,,,,,,,,,,,,,,,,,,,,,,,,,,,,,,,,,,,,,,,,,,,,,,,,,,,,,
,,,,,,,,,,,,,,,,,,,,,,,,,,,,,,,,,,,,,,,,,,,,,,,,,,,,,,
,,,,,,,,,,,,,,,,,,,,,,,,,,,,,,,,,,,,,,,,,,,,,,,,,,,,,,
,,,,,,,,,,,,,,,,,,,,,,,,,,,,,,,,,,,,,,,,,,,,,,,,,,,,,,
,,,,,,,,,,,,,,,,,,,,,,,,,,,,,,,,,,,,,,,,,,,,,,,,,,,,,,
,,,,,,,,,,,,,,,,,,,,,,,,,,,,,,,,,,,,,,,,,,,,,,,,,,,,,,
,,,,,,,,,,,,,,,,,,,,,,,,,,,,,,,,,,,,,,,,,,,,,,,,,,,,,,
,,,,,,,,,,,,,,,,,,,,,,,,,,,,,,,,,,,,,,,,,,,,,,,,,,,,,,
,,,,,,,,,,,,,,,,,,,,,,,,,,,,,,,,,,,,,,,,,,,,,,,,,,,,,,
,,,,,,,,,,,,,,,,,,,,,,,,,,,,,,,,,,,,,,,,,,,,,,,,,,,,,,
,,,,,,,,,,,,,,,,,,,,,,,,,,,,,,,,,,,,,,,,,,,,,,,,,,,,,,
,,,,,,,,,,,,,,,,,,,,,,,,,,,,,,,,,,,,,,,,,,,,,,,,,,,,,,
,,,,,,,,,,,,,,,,,,,,,,,,,,,,,,,,,,,,,,,,,,,,,,,,,,,,,,
,,,,,,,,,,,,,,,,,,,,,,,,,,,,,,,,,,,,,,,,,,,,,,,,,,,,,,
,,,,,,,,,,,,,,,,,,,,,,,,,,,,,,,,,,,,,,,,,,,,,,,,,,,,,,
,,,,,,,,,,,,,,,,,,,,,,,,,,,,,,,,,,,,,,,,,,,,,,,,,,,,,,
,,,,,,,,,,,,,,,,,,,,,,,,,,,,,,,,,,,,,,,,,,,,,,,,,,,,,,
,,,,,,,,,,,,,,,,,,,,,,,,,,,,,,,,,,,,,,,,,,,,,,,,,,,,,,
,,,,,,,,,,,,,,,,,,,,,,,,,,,,,,,,,,,,,,,,,,,,,,,,,,,,,,
,,,,,,,,,,,,,,,,,,,,,,,,,,,,,,,,,,,,,,,,,,,,,,,,,,,,,,
,,,,,,,,,,,,,,,,,,,,,,,,,,,,,,,,,,,,,,,,,,,,,,,,,,,,,,
,,,,,,,,,,,,,,,,,,,,,,,,,,,,,,,,,,,,,,,,,,,,,,,,,,,,,,
,,,,,,,,,,,,,,,,,,,,,,,,,,,,,,,,,,,,,,,,,,,,,,,,,,,,,,
,,,,,,,,,,,,,,,,,,,,,,,,,,,,,,,,,,,,,,,,,,,,,,,,,,,,,,
,,,,,,,,,,,,,,,,,,,,,,,,,,,,,,,,,,,,,,,,,,,,,,,,,,,,,,
,,,,,,,,,,,,,,,,,,,,,,,,,,,,,,,,,,,,,,,,,,,,,,,,,,,,,,
,,,,,,,,,,,,,,,,,,,,,,,,,,,,,,,,,,,,,,,,,,,,,,,,,,,,,,
,,,,,,,,,,,,,,,,,,,,,,,,,,,,,,,,,,,,,,,,,,,,,,,,,,,,,,
,,,,,,,,,,,,,,,,,,,,,,,,,,,,,,,,,,,,,,,,,,,,,,,,,,,,,,
,,,,,,,,,,,,,,,,,,,,,,,,,,,,,,,,,,,,,,,,,,,,,,,,,,,,,,
,,,,,,,,,,,,,,,,,,,,,,,,,,,,,,,,,,,,,,,,,,,,,,,,,,,,,,
,,,,,,,,,,,,,,,,,,,,,,,,,,,,,,,,,,,,,,,,,,,,,,,,,,,,,,
,,,,,,,,,,,,,,,,,,,,,,,,,,,,,,,,,,,,,,,,,,,,,,,,,,,,,,
,,,,,,,,,,,,,,,,,,,,,,,,,,,,,,,,,,,,,,,,,,,,,,,,,,,,,,
,,,,,,,,,,,,,,,,,,,,,,,,,,,,,,,,,,,,,,,,,,,,,,,,,,,,,,
,,,,,,,,,,,,,,,,,,,,,,,,,,,,,,,,,,,,,,,,,,,,,,,,,,,,,,
,,,,,,,,,,,,,,,,,,,,,,,,,,,,,,,,,,,,,,,,,,,,,,,,,,,,,,
,,,,,,,,,,,,,,,,,,,,,,,,,,,,,,,,,,,,,,,,,,,,,,,,,,,,,,
,,,,,,,,,,,,,,,,,,,,,,,,,,,,,,,,,,,,,,,,,,,,,,,,,,,,,,
,,,,,,,,,,,,,,,,,,,,,,,,,,,,,,,,,,,,,,,,,,,,,,,,,,,,,,
,,,,,,,,,,,,,,,,,,,,,,,,,,,,,,,,,,,,,,,,,,,,,,,,,,,,,,
,,,,,,,,,,,,,,,,,,,,,,,,,,,,,,,,,,,,,,,,,,,,,,,,,,,,,,
,,,,,,,,,,,,,,,,,,,,,,,,,,,,,,,,,,,,,,,,,,,,,,,,,,,,,,
,,,,,,,,,,,,,,,,,,,,,,,,,,,,,,,,,,,,,,,,,,,,,,,,,,,,,,
,,,,,,,,,,,,,,,,,,,,,,,,,,,,,,,,,,,,,,,,,,,,,,,,,,,,,,
,,,,,,,,,,,,,,,,,,,,,,,,,,,,,,,,,,,,,,,,,,,,,,,,,,,,,,
,,,,,,,,,,,,,,,,,,,,,,,,,,,,,,,,,,,,,,,,,,,,,,,,,,,,,,
,,,,,,,,,,,,,,,,,,,,,,,,,,,,,,,,,,,,,,,,,,,,,,,,,,,,,,
,,,,,,,,,,,,,,,,,,,,,,,,,,,,,,,,,,,,,,,,,,,,,,,,,,,,,,
,,,,,,,,,,,,,,,,,,,,,,,,,,,,,,,,,,,,,,,,,,,,,,,,,,,,,,
,,,,,,,,,,,,,,,,,,,,,,,,,,,,,,,,,,,,,,,,,,,,,,,,,,,,,,
,,,,,,,,,,,,,,,,,,,,,,,,,,,,,,,,,,,,,,,,,,,,,,,,,,,,,,
,,,,,,,,,,,,,,,,,,,,,,,,,,,,,,,,,,,,,,,,,,,,,,,,,,,,,,
,,,,,,,,,,,,,,,,,,,,,,,,,,,,,,,,,,,,,,,,,,,,,,,,,,,,,,
,,,,,,,,,,,,,,,,,,,,,,,,,,,,,,,,,,,,,,,,,,,,,,,,,,,,,,
,,,,,,,,,,,,,,,,,,,,,,,,,,,,,,,,,,,,,,,,,,,,,,,,,,,,,,
,,,,,,,,,,,,,,,,,,,,,,,,,,,,,,,,,,,,,,,,,,,,,,,,,,,,,,
,,,,,,,,,,,,,,,,,,,,,,,,,,,,,,,,,,,,,,,,,,,,,,,,,,,,,,
,,,,,,,,,,,,,,,,,,,,,,,,,,,,,,,,,,,,,,,,,,,,,,,,,,,,,,
,,,,,,,,,,,,,,,,,,,,,,,,,,,,,,,,,,,,,,,,,,,,,,,,,,,,,,
,,,,,,,,,,,,,,,,,,,,,,,,,,,,,,,,,,,,,,,,,,,,,,,,,,,,,,
,,,,,,,,,,,,,,,,,,,,,,,,,,,,,,,,,,,,,,,,,,,,,,,,,,,,,,
,,,,,,,,,,,,,,,,,,,,,,,,,,,,,,,,,,,,,,,,,,,,,,,,,,,,,,
,,,,,,,,,,,,,,,,,,,,,,,,,,,,,,,,,,,,,,,,,,,,,,,,,,,,,,
,,,,,,,,,,,,,,,,,,,,,,,,,,,,,,,,,,,,,,,,,,,,,,,,,,,,,,
,,,,,,,,,,,,,,,,,,,,,,,,,,,,,,,,,,,,,,,,,,,,,,,,,,,,,,
,,,,,,,,,,,,,,,,,,,,,,,,,,,,,,,,,,,,,,,,,,,,,,,,,,,,,,
,,,,,,,,,,,,,,,,,,,,,,,,,,,,,,,,,,,,,,,,,,,,,,,,,,,,,,
,,,,,,,,,,,,,,,,,,,,,,,,,,,,,,,,,,,,,,,,,,,,,,,,,,,,,,
,,,,,,,,,,,,,,,,,,,,,,,,,,,,,,,,,,,,,,,,,,,,,,,,,,,,,,
,,,,,,,,,,,,,,,,,,,,,,,,,,,,,,,,,,,,,,,,,,,,,,,,,,,,,,
,,,,,,,,,,,,,,,,,,,,,,,,,,,,,,,,,,,,,,,,,,,,,,,,,,,,,,
,,,,,,,,,,,,,,,,,,,,,,,,,,,,,,,,,,,,,,,,,,,,,,,,,,,,,,
,,,,,,,,,,,,,,,,,,,,,,,,,,,,,,,,,,,,,,,,,,,,,,,,,,,,,,
,,,,,,,,,,,,,,,,,,,,,,,,,,,,,,,,,,,,,,,,,,,,,,,,,,,,,,
,,,,,,,,,,,,,,,,,,,,,,,,,,,,,,,,,,,,,,,,,,,,,,,,,,,,,,
,,,,,,,,,,,,,,,,,,,,,,,,,,,,,,,,,,,,,,,,,,,,,,,,,,,,,,
,,,,,,,,,,,,,,,,,,,,,,,,,,,,,,,,,,,,,,,,,,,,,,,,,,,,,,
,,,,,,,,,,,,,,,,,,,,,,,,,,,,,,,,,,,,,,,,,,,,,,,,,,,,,,
,,,,,,,,,,,,,,,,,,,,,,,,,,,,,,,,,,,,,,,,,,,,,,,,,,,,,,
,,,,,,,,,,,,,,,,,,,,,,,,,,,,,,,,,,,,,,,,,,,,,,,,,,,,,,
,,,,,,,,,,,,,,,,,,,,,,,,,,,,,,,,,,,,,,,,,,,,,,,,,,,,,,
,,,,,,,,,,,,,,,,,,,,,,,,,,,,,,,,,,,,,,,,,,,,,,,,,,,,,,
